,SeriousDlqin2yrs,RevolvingUtilizationOfUnsecuredLines,age,NumberOfTime30-59DaysPastDueNotWorse,DebtRatio,MonthlyIncome,NumberOfOpenCreditLinesAndLoans,NumberOfTimes90DaysLate,NumberRealEstateLoansOrLines,NumberOfTime60-89DaysPastDueNotWorse,NumberOfDependents
59771,0,0.029689737,57,0,0.283244418,10121.0,7,0,1,0,0.0
21363,0,0.0,57,0,0.14256225,7750.0,9,0,1,0,0.0
127325,0,0.036569165,48,0,0.236293951,6000.0,6,0,2,0,3.0
140510,0,1.018330787,41,0,0.163137729,4958.0,4,0,0,0,0.0
144298,0,1.008799413,49,0,3942.0,,10,0,1,0,0.0
96371,0,0.798650169,34,0,0.295274271,8950.0,8,0,2,0,0.0
49743,0,0.140158374,67,0,291.0,,6,0,0,0,0.0
47390,0,0.04593505,78,0,0.007199177,5833.0,11,0,0,0,1.0
58379,0,0.301055343,54,0,0.255097258,8533.0,12,0,1,0,0.0
69048,0,0.133724418,44,0,0.259474278,6200.0,9,0,2,0,2.0
41981,1,0.9999999,55,0,0.132851696,4982.0,1,1,0,0,0.0
88783,0,0.0,33,0,0.009175931,5666.0,9,0,0,0,0.0
70772,0,0.005545202,31,0,6.0,,2,0,0,0,0.0
20217,0,0.0,44,0,0.608531437,4500.0,13,0,2,0,2.0
80725,0,0.881514811,62,0,0.489179104,2679.0,4,0,1,0,0.0
96907,0,0.345982257,58,0,0.514371407,4000.0,6,0,1,0,0.0
81422,0,0.074144247,74,0,0.009249377,5621.0,6,0,0,0,1.0
109510,0,0.925082997,58,1,2200.0,,3,0,1,0,0.0
1877,0,0.508254824,47,0,0.58369593,7813.0,9,0,1,0,1.0
46384,0,0.005455228,81,0,0.479004666,4500.0,17,0,2,0,0.0
7488,1,0.419627554,63,1,0.438756124,10000.0,13,1,2,0,0.0
18049,0,0.004136176,41,0,0.472323285,7695.0,9,0,2,0,0.0
29282,0,0.795932437,25,1,0.037756802,1800.0,3,0,0,0,0.0
51011,0,0.066611829,34,0,0.206383489,8333.0,5,0,1,0,0.0
76505,0,0.0,51,0,576.0,,5,0,1,0,0.0
134481,0,0.06323366,46,0,0.191144965,4200.0,6,0,1,0,1.0
100165,0,0.291630852,45,1,0.554770789,7503.0,17,0,4,0,0.0
25706,1,0.147334739,54,0,0.031626085,3572.0,8,0,0,0,1.0
96399,0,0.451736404,62,0,0.180824373,16739.0,8,0,2,0,0.0
33117,0,0.023732354,44,0,0.544645535,10000.0,11,0,1,0,2.0
924,0,0.822400231,63,0,0.515793683,2500.0,12,0,0,0,0.0
74297,0,0.023455168,64,0,0.253984607,16500.0,28,0,2,0,1.0
103669,0,0.032074198,57,0,0.548886738,3098.0,8,0,1,0,0.0
100419,0,0.737815546,37,2,168.0,1.0,3,1,0,0,0.0
99126,0,0.018146837,58,0,2122.0,,6,0,2,0,0.0
39798,0,0.604395604,36,0,0.710350955,2250.0,18,0,0,0,0.0
110749,0,0.9999999,53,0,0.0,1333.0,0,0,0,0,0.0
29475,0,0.158859813,53,0,0.435405953,6416.0,12,0,1,0,1.0
62005,0,0.004755344,62,0,0.402355776,7470.0,10,0,3,0,2.0
56936,0,0.0,30,0,0.0,2000.0,3,0,0,0,0.0
24370,0,0.9999999,71,0,0.0,8000.0,0,0,0,0,0.0
37241,0,0.798624547,69,0,0.445263684,8001.0,8,0,2,1,0.0
49307,1,0.762408771,39,0,0.529433543,2700.0,6,0,0,0,4.0
90612,0,0.606948126,63,0,1234.0,,9,0,2,1,1.0
107702,0,0.0641729,89,0,659.0,,10,0,0,0,
89673,0,0.047997333,57,0,0.260353469,7581.0,4,0,1,0,1.0
95329,1,0.787511231,48,2,1.554174067,1688.0,6,1,1,1,3.0
32514,0,0.102774497,51,0,0.162936832,9070.0,9,0,1,0,1.0
137403,0,0.072853674,84,0,0.017301038,2600.0,4,0,0,0,1.0
108661,0,0.05234587,65,1,1.280929768,4000.0,11,0,4,0,0.0
117163,0,0.478023726,43,0,0.162941961,5995.0,3,1,1,0,2.0
34128,0,0.0,63,0,968.0,,4,0,1,0,2.0
75599,0,0.063982976,72,0,0.036049682,3300.0,4,0,0,0,1.0
94661,0,0.038680128,52,0,1235.0,,6,0,1,0,0.0
15667,0,0.098284692,30,0,0.450387051,1420.0,7,0,0,0,0.0
102641,0,0.049259124,63,0,1003.0,,6,0,1,0,0.0
72836,0,0.188430487,47,0,0.429893438,7131.0,5,0,1,0,2.0
58111,0,0.128782829,30,0,28.0,,3,0,0,0,
41679,0,0.0,55,0,0.0,6900.0,2,0,0,0,0.0
111764,0,0.186792528,63,0,5554.0,,16,0,3,0,0.0
95771,0,0.012963401,38,0,30.0,,7,0,0,0,1.0
142843,0,0.0,57,2,1981.0,,4,0,2,0,3.0
82450,0,0.0,55,0,0.585793137,4166.0,7,0,1,0,0.0
113687,0,0.779088729,52,0,0.258882342,5600.0,9,0,1,0,0.0
42247,0,0.164413983,65,0,1187.0,,17,0,0,0,0.0
84726,0,0.969549289,57,0,0.598955392,7083.0,24,0,2,0,1.0
27727,0,0.142738779,47,0,0.367907261,4916.0,8,0,1,0,2.0
122224,0,0.0,53,0,0.188540573,20000.0,16,0,2,0,4.0
40010,0,0.0,71,0,0.423326134,3703.0,13,0,1,0,0.0
66017,0,0.0,33,0,0.479658606,3514.0,11,0,1,0,0.0
50464,0,0.078049835,45,0,0.569960023,1750.0,10,0,2,0,0.0
29065,0,0.9999999,68,0,84.0,,5,0,0,0,0.0
34966,0,0.224367989,47,0,0.280226164,12910.0,5,0,1,0,5.0
16623,0,0.823038874,47,0,3715.0,,11,0,1,0,1.0
119291,0,0.727946115,57,0,0.272429309,18000.0,8,0,2,0,4.0
86409,0,0.076211301,49,0,0.205577612,10326.0,7,0,1,0,1.0
124009,0,0.9999999,34,0,3210.0,0.0,2,0,1,0,2.0
85461,0,0.989400353,51,0,0.87424362,3800.0,6,0,2,0,0.0
34258,0,0.38903219,68,0,1956.0,,8,0,1,0,0.0
50692,0,0.023256695,67,0,0.005346294,4114.0,4,0,0,0,0.0
10673,0,0.206618815,42,0,0.390540776,5750.0,8,0,2,0,3.0
144167,0,0.0,34,0,0.29843963,6600.0,10,0,0,0,2.0
7322,0,0.295809317,48,1,2243.0,,8,0,1,0,2.0
15111,0,0.330316509,67,0,1081.0,,7,0,1,0,0.0
129697,0,0.023899403,58,0,0.119847812,4730.0,4,0,0,0,1.0
83565,0,0.012477239,66,0,0.085793137,8333.0,5,0,0,0,2.0
119867,0,0.250974903,33,0,0.061297685,3066.0,4,0,0,0,0.0
133770,0,0.375968651,60,0,0.275497572,10500.0,14,0,2,0,0.0
146286,0,0.954499082,31,0,0.235159342,4800.0,10,0,0,0,2.0
84222,0,0.228519196,40,0,0.175637394,6000.0,8,0,0,0,0.0
118,0,0.033461782,44,0,1.243362832,4067.0,5,0,2,0,1.0
71202,0,0.17727829,65,0,0.02413417,7333.0,2,0,0,0,0.0
84950,0,0.049011809,49,0,1.015912481,4021.0,16,0,2,0,2.0
52889,0,0.064647345,65,0,0.393034826,200.0,4,0,0,0,0.0
13859,0,0.110994158,85,0,0.026076159,2415.0,1,0,0,0,0.0
136207,0,0.151233951,63,1,0.064693197,5100.0,7,0,0,0,1.0
22935,0,0.246042779,70,0,0.318729785,3400.0,7,0,0,0,0.0
133891,0,0.740293974,28,0,0.681751179,6783.0,9,0,1,0,0.0
56198,0,0.741131411,53,1,4137.0,,21,0,2,0,1.0
130665,0,0.024162279,75,0,0.006293965,2700.0,10,0,0,0,0.0
87519,0,4.23e-05,51,0,0.06587473,8333.0,7,0,0,0,1.0
16603,1,0.979486886,59,0,1.168943685,3000.0,9,0,2,0,1.0
105029,1,0.9999999,35,0,0.075274961,7000.0,1,2,0,1,3.0
13217,0,0.200448239,57,1,0.289618397,6000.0,15,0,2,0,0.0
38883,0,0.9999999,22,0,0.011976048,500.0,0,0,0,0,0.0
73884,0,0.002943509,60,0,0.000821018,7307.0,7,0,0,0,2.0
17654,0,0.417553954,62,0,0.466055446,4580.0,11,0,1,0,1.0
142822,0,0.9999999,28,0,0.264532173,3216.0,5,0,0,0,0.0
84865,0,0.033024119,54,0,1309.0,,8,0,1,0,0.0
117264,0,0.9999999,79,0,0.0,,0,0,0,0,0.0
34411,0,0.229448971,60,0,0.357169322,8096.0,15,0,1,0,1.0
117837,0,0.11045178,63,0,0.311815713,11416.0,20,0,1,1,1.0
7417,0,0.001749913,85,0,1.0,,4,0,0,0,0.0
17710,0,0.192080876,34,0,0.402780387,5322.0,8,0,1,0,4.0
136253,0,0.0,58,0,0.151310457,3700.0,6,0,1,0,0.0
26211,0,0.661195142,59,0,0.709907014,8710.0,20,0,5,0,0.0
39345,0,0.138601336,46,0,0.641245358,3500.0,23,0,2,0,0.0
116700,0,0.10603311,60,0,0.139124058,15000.0,7,0,1,0,0.0
95048,0,0.840257721,33,1,0.561643836,2700.0,8,0,0,0,0.0
111110,0,0.0,43,0,0.0,2300.0,8,0,0,0,1.0
51157,0,0.429343707,73,0,0.335827216,7083.0,23,0,0,0,0.0
129331,0,0.0,50,0,0.0,1200.0,4,0,0,0,0.0
67234,0,0.9999999,56,0,340.0,,5,0,0,1,
115062,0,0.000212721,57,0,0.165278241,3000.0,4,0,0,0,2.0
17170,0,0.008246998,52,0,0.363145096,3700.0,3,0,1,0,2.0
125745,0,0.068769134,67,0,0.291585421,6666.0,13,0,2,0,3.0
46673,0,0.484589112,37,0,0.373803742,7000.0,10,0,1,0,2.0
149918,0,0.01585557,64,0,0.112411607,4100.0,10,0,1,0,0.0
102439,0,0.0,25,1,0.05891636,1900.0,2,0,0,0,0.0
4891,1,0.0,60,3,0.292697378,6750.0,5,1,1,2,0.0
146811,0,0.012461753,54,0,0.222196691,4351.0,11,0,1,0,0.0
10141,0,0.132091359,36,0,0.461418307,3200.0,8,0,2,0,1.0
111238,0,0.07087744,58,0,0.275158248,7740.0,18,0,1,0,0.0
117339,1,0.960691923,42,0,1.241580483,3770.0,29,1,2,1,3.0
88469,0,0.02966865,53,0,0.305562676,3900.0,15,0,1,1,0.0
116628,0,0.9999999,34,0,1.810841984,2600.0,7,0,2,0,0.0
113106,0,0.053967137,68,1,0.74690124,2500.0,9,0,1,0,0.0
57839,0,0.9999999,47,0,0.757432255,3800.0,2,1,0,3,2.0
42458,0,0.034868996,81,0,0.017391304,4484.0,6,0,0,0,0.0
57005,0,0.294756011,59,0,0.563535912,4886.0,20,0,3,0,3.0
27965,1,0.76147208,46,0,0.494569902,5800.0,7,0,1,0,2.0
141962,0,0.009004321,46,0,0.017327557,3000.0,7,0,0,0,0.0
29910,0,0.528879393,59,0,0.639218915,8500.0,19,0,1,0,0.0
125078,0,0.408433359,42,0,0.468075437,4400.0,7,0,1,0,1.0
51213,0,0.019811546,56,0,0.067488752,6000.0,19,0,1,0,0.0
109729,0,0.0,56,1,0.500549945,10000.0,8,0,2,0,2.0
63781,0,0.018324672,46,0,1131.0,,7,0,0,0,0.0
8342,0,0.982120773,51,0,0.328345802,9623.0,9,0,2,0,1.0
134181,0,0.008867272,58,0,0.256641604,5984.0,10,0,1,0,1.0
140419,0,0.723202695,30,0,12.31840796,200.0,9,0,2,0,0.0
95547,0,0.065258947,53,0,0.172982774,5514.0,13,0,1,0,0.0
119333,0,0.046441004,41,0,0.447881961,2100.0,3,0,1,0,0.0
18608,0,0.0,53,0,0.37652226,5008.0,12,0,2,0,2.0
148774,0,0.81821487,66,0,0.098320813,4525.0,12,0,0,0,0.0
31588,0,0.428398505,45,0,0.339366516,3756.0,8,0,1,0,0.0
49188,0,0.0,33,0,806.0,,6,0,1,0,0.0
24258,0,0.851893513,31,0,0.155576382,3200.0,2,0,0,0,0.0
82973,0,0.227737854,53,0,1.372434018,3750.0,12,0,2,0,0.0
140114,0,0.034390557,65,0,0.225815144,3710.0,10,0,0,0,1.0
41592,0,0.132956425,48,0,0.630987182,4446.0,7,0,1,0,2.0
25246,0,0.9999999,67,0,0.384271513,17000.0,9,0,3,0,0.0
8396,0,0.030848458,61,0,1732.0,,9,0,1,0,
29319,0,0.35698725,67,0,0.10936357,2733.0,2,0,0,0,0.0
7704,0,0.103955339,59,0,0.241543734,6710.0,17,0,2,0,1.0
69358,0,0.879864636,61,0,456.0,,6,0,0,0,0.0
19079,0,0.0,59,0,0.033996762,10500.0,9,0,0,0,0.0
55709,0,0.653869226,62,0,0.389566613,6229.0,6,0,1,0,3.0
147422,0,0.042296246,42,0,0.268591772,7583.0,13,0,2,0,3.0
104159,0,0.005216938,74,0,1.0,0.0,4,0,0,0,0.0
108569,0,0.397824817,55,0,0.116446579,9995.0,6,0,1,0,1.0
8960,0,0.139435375,66,0,1824.0,,6,0,1,0,0.0
73454,0,0.0,41,2,0.287486179,20800.0,12,0,1,1,5.0
126236,1,0.221007496,61,0,0.618258353,3800.0,10,0,2,0,0.0
36738,0,0.030723037,37,0,0.513137558,5175.0,10,0,2,0,0.0
19708,0,0.523856126,39,0,0.340653662,7740.0,13,0,1,0,1.0
89106,0,0.0,51,0,0.355552363,6960.0,7,0,1,0,0.0
67266,0,0.016361242,57,0,0.220898258,12000.0,24,0,1,0,2.0
24644,0,0.014174482,74,0,0.037446286,3257.0,9,0,0,0,1.0
20183,0,0.012472375,82,0,17.0,,9,0,0,0,0.0
127042,0,0.317984571,64,0,0.251974347,18866.0,12,0,2,0,0.0
69080,0,0.041004229,29,1,0.316184191,6666.0,12,0,1,0,0.0
31814,0,0.010522704,86,0,0.196695096,1875.0,10,0,1,0,0.0
30991,0,0.195046916,33,0,0.398522382,2300.0,10,0,1,0,1.0
143577,0,0.033715834,66,0,0.382860867,3068.0,8,0,1,0,0.0
133635,0,0.002205726,64,0,0.160641711,14024.0,17,0,1,0,0.0
261,0,0.034645112,65,0,0.125189985,12500.0,4,0,1,0,1.0
61986,1,0.944375952,41,5,0.285031155,6900.0,10,2,0,0,3.0
54330,0,1.262719106,65,0,0.464468288,17800.0,20,0,3,0,1.0
136099,0,0.077792264,27,1,0.206042956,2746.0,3,3,0,2,0.0
58031,0,0.212264597,32,0,0.087685915,25750.0,10,0,1,0,3.0
116582,1,0.867949444,62,1,0.456806283,4583.0,15,0,1,0,3.0
65758,0,0.319600499,61,0,0.00137228,5100.0,4,0,0,0,1.0
83358,0,0.160904619,65,0,0.004999929,70000.0,4,0,0,0,1.0
18540,0,0.280571731,52,0,0.089955022,2000.0,7,0,0,0,0.0
39224,0,0.469248033,42,1,0.168598939,5088.0,9,0,0,0,0.0
62550,0,0.046224118,52,0,0.139815533,11600.0,11,0,2,0,0.0
149344,0,0.016842105,58,0,0.096195977,5020.0,9,0,0,0,0.0
51818,0,0.785020281,29,2,0.323823458,4100.0,7,2,0,0,0.0
115987,0,0.0,35,0,0.33406406,8210.0,7,0,1,0,1.0
41259,0,0.0,26,0,0.378197998,898.0,2,0,0,0,0.0
110040,0,0.880013332,62,0,0.138469039,2050.0,8,0,0,0,0.0
115290,0,0.632247596,68,0,0.143485651,10000.0,9,0,0,0,1.0
120499,0,0.012465836,56,0,0.000749513,6670.0,3,0,0,0,0.0
99639,0,0.822798178,54,0,0.943071369,3600.0,20,3,2,1,1.0
5955,0,0.237594957,55,0,0.151469252,3300.0,7,0,0,0,0.0
148288,0,0.968561258,49,0,0.133397313,8335.0,4,0,0,1,1.0
10396,0,0.930027989,29,0,0.333833083,2000.0,4,0,0,0,0.0
107132,0,0.02623575,63,0,0.007635253,4583.0,7,0,0,0,0.0
99483,0,0.99222395,50,1,0.149300156,4500.0,4,1,0,0,1.0
131103,0,0.04621108,51,0,0.114222144,40000.0,11,0,2,0,2.0
42167,0,0.099401004,58,0,3592.0,,14,0,1,0,9.0
104940,0,0.102286833,52,1,0.352252166,10500.0,13,0,1,0,0.0
48838,0,0.861055556,51,1,0.352599179,5847.0,16,0,0,0,0.0
98162,0,0.9999999,71,0,0.469458988,9167.0,4,0,2,0,0.0
118819,0,0.16341229,43,0,0.537355671,8833.0,11,0,3,0,2.0
4879,0,0.017512196,56,0,2135.0,,10,0,1,0,5.0
105105,0,0.558110472,42,0,0.038080334,3833.0,4,0,0,0,4.0
136069,0,0.103714071,58,0,0.234177854,9906.0,26,0,2,0,0.0
97012,0,0.0,39,0,0.0,,2,0,0,0,
43824,0,0.054696594,59,0,0.264021247,6400.0,18,0,1,0,3.0
91959,0,0.372319763,78,0,0.517775752,5484.0,6,0,1,0,0.0
131783,0,0.014715048,67,0,0.511622094,4000.0,6,0,1,0,0.0
127083,0,0.084037973,71,0,1.092529389,2636.0,18,0,2,0,0.0
40207,0,0.022244284,58,0,0.078427016,4500.0,8,0,0,0,2.0
22620,0,0.082638256,52,0,5545.0,,18,0,2,0,2.0
121046,0,0.9999999,43,1,0.761809548,4000.0,6,0,1,0,2.0
114676,0,0.007189449,40,0,0.299041336,9700.0,11,0,2,0,2.0
50069,0,0.119103305,56,0,0.497229917,4331.0,16,0,2,0,1.0
120940,0,0.028529421,56,0,2592.0,,12,0,2,0,0.0
116662,0,0.064853437,56,0,3513.0,,6,0,3,0,3.0
141702,0,0.005965246,68,1,636.0,,9,0,0,0,0.0
91980,0,0.027762241,48,0,0.250121497,6172.0,7,0,1,0,1.0
112845,0,0.191137775,45,2,1.228532485,2200.0,11,0,1,0,2.0
75103,0,0.9999999,42,0,4424.0,,5,0,2,0,0.0
72218,0,0.9999999,49,1,1.117339529,3442.0,5,0,1,0,2.0
103668,1,0.256510533,29,1,8901.0,0.0,17,0,9,0,1.0
130711,0,0.024931671,39,0,0.555737705,4879.0,6,0,3,0,2.0
65094,0,0.041247422,54,0,0.002279818,8333.0,3,0,0,0,0.0
64068,0,0.625966251,40,0,0.043387199,48700.0,11,0,2,0,0.0
123515,0,0.003349833,57,0,0.253005041,5157.0,2,0,1,0,1.0
116222,0,0.003555845,79,0,938.0,,11,0,1,0,0.0
100595,0,0.0,21,0,0.0,,1,0,0,0,0.0
96163,0,0.289095196,49,0,0.505382997,8080.0,24,0,2,0,2.0
51514,0,0.514817451,48,0,0.764411811,6400.0,19,0,1,0,1.0
136066,0,0.002367408,40,0,0.585828343,1001.0,12,0,0,0,0.0
70330,0,0.17259292,60,0,0.144097679,19000.0,12,0,2,0,0.0
80236,0,0.172293148,50,0,0.829564682,6500.0,21,0,4,0,0.0
60891,0,0.104464253,50,0,0.48193096,7415.0,20,0,2,0,2.0
50189,0,0.052907426,38,0,0.410797744,6204.0,12,0,1,0,3.0
18350,0,0.038919167,32,0,0.158508159,8150.0,5,0,1,0,2.0
75232,0,0.006891076,87,0,0.005994006,1000.0,10,0,0,0,0.0
92384,0,0.442092985,51,0,1378.0,,5,0,1,0,0.0
142622,0,0.034938062,79,0,0.006268437,8135.0,3,0,0,0,0.0
58080,0,0.139057396,41,0,0.046804527,11750.0,5,0,0,0,2.0
379,0,0.186890655,54,0,0.655589124,3640.0,7,0,1,0,1.0
42028,0,0.509936183,38,0,0.801389327,3166.0,7,0,2,0,1.0
97216,0,0.070283889,57,0,0.53444789,7416.0,9,0,3,0,1.0
105730,0,0.481633336,52,0,0.313835771,5333.0,3,0,1,0,0.0
77483,0,0.287054067,39,1,0.368283777,5750.0,15,0,2,0,0.0
9460,1,0.538991525,41,5,1.279906698,3000.0,10,1,2,0,3.0
1967,0,0.335712013,41,0,0.648859731,3200.0,3,0,2,0,0.0
135292,0,0.0,30,1,0.678464307,5000.0,13,0,2,0,0.0
102721,0,0.114706004,80,0,0.117110544,2740.0,2,0,0,0,0.0
74833,0,0.0,56,0,0.733152828,3323.0,12,0,1,0,1.0
126478,0,0.029424906,69,0,0.486895925,6600.0,10,0,1,0,0.0
65363,0,0.023462917,41,0,0.532546745,10000.0,10,0,3,0,0.0
31600,0,0.195287886,31,0,729.0,,6,0,0,0,0.0
88376,0,0.047908462,64,0,0.310384231,7000.0,13,0,3,0,0.0
51910,0,0.234588471,73,0,0.607874016,634.0,8,0,1,0,0.0
89821,0,0.487216112,31,0,0.143245342,2575.0,7,0,0,0,0.0
24012,0,0.125554653,28,0,0.44761508,4800.0,5,0,2,0,0.0
75577,0,0.725116039,45,0,0.52308528,1840.0,8,0,0,0,3.0
99095,0,0.076352576,93,0,0.027941553,3900.0,2,0,0,0,0.0
104668,0,0.036761211,57,0,0.202425736,15417.0,22,0,2,0,0.0
85148,0,0.66189968,64,1,0.277611652,10366.0,11,1,1,0,0.0
124522,0,0.720249045,37,0,0.608956854,1830.0,18,0,0,0,3.0
13229,0,0.335748245,49,0,0.199609306,5630.0,8,0,0,0,2.0
11134,0,0.365649586,45,0,0.278418705,6500.0,7,0,1,0,3.0
7493,0,0.144547041,51,0,0.539878731,8575.0,12,0,1,0,1.0
134583,0,0.091311998,60,1,0.106532737,13638.0,14,0,1,0,0.0
68555,0,0.788289896,26,0,0.427857589,1600.0,11,1,0,0,0.0
66842,0,0.199956046,27,0,0.19046058,6100.0,10,0,0,0,1.0
52387,0,0.798345492,57,0,7504.0,,20,0,2,0,0.0
10694,0,0.026996625,23,0,0.007308161,820.0,4,0,0,0,0.0
132901,0,0.164391463,35,0,0.01561524,1600.0,2,0,0,0,0.0
21004,0,0.819601087,54,0,5.054228914,8500.0,35,0,2,0,0.0
139451,0,0.011332956,47,0,0.001176332,8500.0,2,0,0,0,1.0
68111,0,0.112559113,52,0,0.371942778,6500.0,18,0,1,0,0.0
24340,0,0.207056117,37,1,0.532917063,7366.0,17,0,1,0,2.0
37984,0,0.138212172,67,0,2208.0,,13,0,0,0,3.0
127074,1,0.9999999,44,1,0.399580021,6666.0,7,2,1,0,1.0
135637,0,0.318015336,38,0,0.446901517,3888.0,20,0,1,0,4.0
103830,0,0.007607175,45,0,0.00659868,5000.0,5,0,0,0,1.0
57138,0,0.9999999,37,0,0.0,4690.0,1,0,0,0,0.0
30175,0,0.362145618,35,0,0.279696041,7500.0,10,0,0,0,0.0
71499,0,0.0,73,0,0.201996323,7613.0,3,0,2,0,0.0
950,0,0.040547951,74,0,0.020736901,5400.0,5,0,0,0,0.0
29756,0,0.584351322,54,0,1453.0,,3,0,1,0,0.0
108996,0,0.084416512,38,0,0.105910956,6580.0,7,0,0,0,0.0
5492,0,0.192194427,46,1,0.611997144,4200.0,9,0,1,0,2.0
72293,0,0.029271663,42,0,0.18064247,4793.0,6,0,1,0,1.0
86836,0,0.01379954,62,0,12.0,,2,0,0,0,0.0
138012,0,0.389547097,44,3,0.512801756,4100.0,11,0,2,0,1.0
14500,1,1.194825559,59,0,0.409217102,1800.0,3,3,1,3,0.0
26204,0,0.466613355,28,0,0.14474651,1360.0,4,0,0,0,0.0
77616,0,0.072850169,67,0,1.012435991,4100.0,9,0,2,0,1.0
24846,0,0.850271658,64,0,0.513302487,6915.0,4,0,1,0,0.0
59494,0,0.086451926,73,0,98.0,,5,0,0,0,0.0
44033,0,0.012449378,24,0,7.0,,1,0,0,0,0.0
114112,0,0.001703672,67,0,0.422915417,5000.0,7,0,2,0,2.0
68985,0,0.999597342,32,0,0.273678836,3916.0,12,0,0,0,0.0
123139,0,0.0,59,1,0.227422615,9400.0,14,0,1,0,1.0
149912,0,0.728363561,66,1,0.625858465,3348.0,7,0,1,0,0.0
148383,1,0.960856616,56,1,0.248805586,2720.0,10,1,0,0,1.0
76988,0,0.017392351,54,0,0.274483678,1500.0,7,0,0,0,0.0
99913,0,0.0,75,0,0.0,3900.0,6,0,0,0,0.0
16108,0,0.464688971,29,0,0.13034188,6083.0,9,0,0,0,0.0
9503,0,0.030298485,37,0,0.314575412,3944.0,7,0,1,0,1.0
10871,0,0.008922443,50,0,2.479927284,6600.0,16,0,3,0,0.0
57863,0,0.629229766,54,0,2.298507463,200.0,6,0,0,0,1.0
61113,0,0.089710762,56,0,489.0,,13,0,0,0,0.0
40012,0,0.016449589,38,0,0.051561912,7970.0,3,0,0,0,0.0
20490,0,0.0,61,0,0.240268552,14000.0,7,0,3,0,0.0
77364,0,0.072531575,57,0,0.071380471,1484.0,12,0,0,0,0.0
5615,0,0.183639089,51,0,2373.0,,13,0,1,0,0.0
71708,0,0.062492951,40,0,1.011247188,4000.0,15,0,3,0,1.0
110430,0,0.00349965,32,0,0.95430945,1925.0,9,0,1,0,3.0
66971,0,0.0,44,0,0.401638357,8300.0,4,0,2,0,4.0
103168,0,0.001619165,54,0,0.571618921,1500.0,11,0,0,0,0.0
58394,0,0.084688547,67,0,0.728930169,5813.0,13,0,2,0,0.0
47168,0,0.456154172,48,0,0.03124566,7200.0,1,0,0,0,2.0
109111,1,0.024560965,27,0,1.432783608,2000.0,5,1,1,0,0.0
26380,0,0.237083484,49,0,1457.0,,18,0,1,0,0.0
62852,0,0.036178564,76,0,0.342841909,3750.0,16,0,2,0,0.0
112813,0,0.0,30,0,183.0,,4,0,0,0,0.0
15839,0,0.052907443,65,0,0.055403303,13500.0,4,0,0,0,0.0
62517,0,0.020845934,69,0,0.155384176,3500.0,3,0,0,0,0.0
98437,0,0.010351033,72,0,1830.0,,36,0,2,0,0.0
109545,0,0.335988,46,0,0.523052209,6224.0,7,0,2,0,0.0
32103,0,0.021894278,63,0,0.449275362,5864.0,9,0,2,0,0.0
28202,0,0.10708913,64,0,0.407858861,12469.0,23,0,3,0,1.0
52640,0,0.04799616,33,0,675.0,,2,0,1,0,0.0
86739,0,0.118588927,54,0,0.072372865,10362.0,8,0,1,0,0.0
13381,0,0.204431823,60,0,0.04269573,10000.0,6,0,0,0,1.0
20591,0,0.165060318,67,0,0.343914021,4000.0,11,0,1,0,0.0
6060,0,0.048870542,63,0,0.195322196,10474.0,5,0,2,0,1.0
73283,0,0.757471736,51,0,0.284708533,3550.0,4,0,0,0,1.0
7848,0,0.103508878,36,0,0.385589594,5842.0,8,0,2,0,3.0
114103,0,0.125485783,55,1,0.312306853,5500.0,22,0,1,0,0.0
64067,0,0.000124415,59,0,1659.0,,8,0,1,0,1.0
147005,0,0.712050745,43,0,0.657153245,5500.0,20,0,2,0,1.0
114481,0,0.20901617,36,0,0.381667449,6392.0,12,0,2,0,2.0
83910,0,0.026129095,55,1,0.367650588,12500.0,23,0,2,0,2.0
101374,0,0.070388792,60,0,824.0,,6,0,1,0,0.0
36931,0,0.021895797,57,0,2090.0,,8,0,1,0,0.0
50489,0,0.058379562,64,0,77.0,,9,0,0,0,0.0
14469,0,0.189950924,58,0,0.289630119,9083.0,13,0,2,0,1.0
75079,0,0.085104103,38,0,2099.0,,7,0,1,0,0.0
41661,0,0.9999999,63,0,0.315698573,11000.0,5,0,2,0,2.0
51286,0,0.9999999,79,0,22.0,,1,0,1,0,0.0
136573,0,0.030458157,73,0,0.403942294,7000.0,8,0,3,0,1.0
141622,0,0.084212281,78,1,773.0,,4,0,1,0,0.0
99945,0,0.788249625,38,1,0.600127389,7849.0,17,0,2,0,3.0
73036,0,0.0,59,0,0.0,5750.0,3,0,0,0,0.0
105167,0,1.060967988,57,2,0.314037193,3333.0,2,0,0,0,0.0
57281,0,0.116237799,47,1,29136.0,,23,0,2,0,0.0
105216,0,0.9999999,29,0,0.0,1700.0,1,0,0,0,0.0
101381,0,0.538922156,32,0,0.004514673,1771.0,1,0,0,0,0.0
115961,0,0.003649939,47,0,0.179277108,6224.0,7,0,1,0,1.0
3167,0,0.031124444,66,0,857.0,,7,0,1,0,1.0
39707,1,0.658544156,53,0,0.951917573,5240.0,17,0,4,1,1.0
95642,0,0.745093532,31,0,0.571154308,4166.0,11,0,1,0,0.0
121711,0,0.300021806,74,1,0.295710121,2400.0,11,0,1,0,0.0
59437,0,0.0,67,0,0.003498251,2000.0,6,0,0,0,0.0
116508,0,0.003116843,46,2,0.418681913,12942.0,14,0,3,0,2.0
34413,0,0.9999999,33,0,0.830939829,5500.0,12,0,2,0,1.0
147041,0,0.003771321,26,0,0.231896935,2250.0,4,0,0,0,0.0
81717,0,0.017636813,69,0,0.018691589,3958.0,11,0,0,0,0.0
227,1,1.953488372,38,0,0.153500141,3556.0,5,0,0,0,2.0
23193,0,0.0,72,0,0.283648658,13900.0,10,0,2,0,0.0
67285,0,0.183431131,54,0,0.235874848,6583.0,9,0,1,0,0.0
822,0,0.178964154,56,0,0.552930754,6772.0,6,0,1,0,1.0
25883,0,0.015811512,58,0,7.0,,4,0,0,0,0.0
101069,0,0.167737773,75,1,1.009223674,1300.0,8,0,1,0,0.0
42211,0,1.156146179,43,0,1321.0,,5,0,1,0,0.0
82731,0,0.703877747,58,0,0.263838297,14000.0,11,0,0,0,3.0
74524,0,0.0,76,0,1.0,,2,0,0,0,
94269,1,0.752234316,47,0,0.443575419,2684.0,10,0,1,0,2.0
44275,0,0.025450801,74,0,0.31404848,7466.0,14,0,1,0,2.0
87325,0,0.010009462,86,1,0.000633312,9473.0,9,0,0,0,0.0
148331,1,0.137196324,47,1,0.724629499,7084.0,10,0,2,0,2.0
136765,0,0.0,22,0,0.012180268,820.0,2,0,0,0,0.0
120992,0,0.015212865,59,0,0.151041054,8500.0,9,0,1,0,0.0
19142,0,0.210299106,63,0,2805.0,,7,0,2,0,0.0
119190,0,0.242737738,45,0,0.304829871,7846.0,8,0,2,0,4.0
148181,0,0.0,56,0,1310.0,,6,0,1,0,5.0
128765,0,0.05676666,26,0,317.0,,7,0,0,0,0.0
93112,1,0.981517952,54,7,0.506766917,3324.0,10,0,1,0,1.0
116461,0,0.9999999,90,0,303.0,,0,0,0,0,0.0
127758,0,0.289939075,60,1,0.765489674,1500.0,16,0,0,0,0.0
74828,1,0.911941165,35,0,0.589483612,4240.0,7,0,1,0,1.0
142067,0,0.590277268,66,1,0.458756874,6000.0,9,0,1,0,0.0
118239,0,0.9999999,36,0,0.0,4975.0,0,0,0,0,0.0
90658,0,0.0,73,3,0.065993598,4060.0,13,0,1,0,0.0
64232,0,0.9999999,64,0,0.491131893,3100.0,5,0,3,0,0.0
144541,0,0.19679016,74,0,0.146829201,7300.0,3,0,1,0,0.0
99294,0,0.183477619,70,0,1.259474053,10000.0,14,0,9,0,0.0
80283,0,0.9999999,26,0,0.149023171,2200.0,3,0,0,0,0.0
147677,0,0.144988493,87,0,54.0,,1,0,0,0,0.0
65236,0,0.525810538,59,0,2867.0,,3,0,1,0,0.0
31896,0,0.0,24,0,0.0,0.0,1,0,0,0,0.0
77993,1,0.419186106,45,0,0.587948954,7600.0,13,0,1,0,2.0
73894,0,0.015282054,70,0,0.244503664,1500.0,6,0,0,0,0.0
90203,1,0.9999999,24,1,0.036654449,3000.0,4,2,0,0,0.0
81654,0,0.03053654,78,0,0.011358473,2200.0,5,0,0,0,0.0
89436,0,0.025294801,61,0,0.359261142,5900.0,11,0,1,0,0.0
126742,0,0.673069936,59,1,0.436351706,7619.0,10,0,2,0,0.0
6096,0,0.163968692,55,0,0.250188395,27866.0,24,0,1,0,3.0
110242,0,0.033728464,50,0,1.281874795,3050.0,12,0,3,0,0.0
77183,0,0.05107604,66,1,1960.0,,11,0,1,0,0.0
129825,0,0.063358284,62,0,0.206410411,8298.0,12,0,1,0,1.0
65731,0,0.0,51,0,0.319278418,4600.0,9,0,3,0,2.0
49333,1,0.157338874,58,2,1626.0,,10,0,1,0,0.0
3223,0,0.9999999,45,0,0.20607243,8200.0,3,0,1,0,0.0
90707,0,0.41093712,33,0,0.199829206,8196.0,11,0,0,0,4.0
57556,0,0.022162973,42,0,1184.0,,6,0,1,0,0.0
23018,0,0.18168532,63,0,0.347896816,4302.0,6,0,1,0,0.0
29385,0,0.012590422,53,0,0.23272403,11214.0,7,0,2,0,0.0
57061,0,0.32443242,65,0,0.04671916,1904.0,2,1,0,0,0.0
39589,1,0.115114261,72,0,0.01995184,5813.0,6,0,0,0,0.0
98822,0,0.510731857,57,0,0.422766179,12500.0,14,0,4,0,3.0
38759,0,0.188514357,51,0,0.704329461,946.0,4,0,1,0,0.0
137636,1,0.586044688,44,0,0.64929546,4470.0,7,0,2,0,0.0
145040,0,0.802433131,39,1,0.071982004,4000.0,7,0,0,1,0.0
51324,0,0.032348383,88,0,19.0,,3,0,0,0,
115810,1,0.9999999,56,0,0.058659556,8250.0,2,2,0,1,0.0
12388,0,0.9999999,44,1,0.410317936,5000.0,10,0,2,0,0.0
20333,0,0.374843768,36,0,0.213478612,2477.0,6,0,0,0,0.0
115707,1,0.756243756,66,1,0.414383562,2627.0,7,0,1,1,2.0
118151,0,0.423540356,62,0,0.829973602,8333.0,14,0,5,0,1.0
42961,0,0.00897972,59,0,2525.0,,19,0,2,0,0.0
73032,0,0.02847221,58,0,0.03869598,14600.0,4,0,0,0,1.0
81821,1,0.811035406,37,0,0.366663155,9490.0,9,0,2,0,2.0
75117,0,0.0667385,49,1,0.309584727,10161.0,14,0,2,0,0.0
52002,0,0.647466112,46,0,0.559880936,21500.0,19,0,13,0,0.0
122230,0,0.994066864,51,0,0.898138833,3975.0,11,0,2,0,0.0
77941,0,0.04312856,68,0,2713.0,,11,0,2,0,0.0
54601,0,0.039277478,48,0,0.213271303,8167.0,7,0,2,0,2.0
120535,0,0.210669423,47,0,0.265341832,8000.0,11,0,1,0,2.0
124026,0,0.635157244,47,0,0.6251786,6298.0,5,0,2,0,1.0
25145,0,0.624497481,44,0,0.806008902,8087.0,10,0,2,0,2.0
18634,0,1.671105193,52,3,0.513250883,4527.0,8,3,2,1,4.0
804,0,0.067400749,26,0,0.166517857,4479.0,10,0,0,0,0.0
116160,0,0.02392504,86,0,0.013473054,1335.0,3,0,0,0,0.0
99590,0,0.651573359,64,0,0.577915377,5813.0,10,0,1,0,0.0
5331,0,0.001595711,76,0,2.0,,2,0,0,0,0.0
65482,0,0.201521066,35,0,0.459588848,3550.0,8,0,1,0,2.0
32811,0,0.007753608,50,0,4313.0,,8,0,3,0,0.0
140869,1,1.164261931,56,1,0.141653502,3797.0,6,3,0,2,1.0
144083,0,0.68224553,55,0,0.398306082,8500.0,12,0,3,0,1.0
107922,0,0.518358531,31,0,0.140613847,1400.0,4,0,0,0,2.0
86746,0,0.165361903,48,0,0.485075392,9748.0,11,0,3,0,0.0
54707,0,0.060461263,61,0,0.241101617,16266.0,9,0,2,0,1.0
41494,0,0.558295436,47,2,0.65526971,6024.0,15,0,2,0,2.0
29973,0,0.021848992,77,0,30.0,,5,0,0,0,0.0
23948,0,0.030848458,68,0,0.065607451,7300.0,5,0,0,0,1.0
76137,0,0.080629154,50,1,0.036101083,2215.0,8,0,0,0,0.0
37683,0,0.007088508,56,0,0.004241139,3300.0,9,0,0,0,0.0
42062,0,0.191907772,53,0,0.348496086,12134.0,12,0,1,0,2.0
80669,0,0.025386482,45,0,0.498228774,8750.0,8,0,1,0,0.0
35276,0,0.66548727,59,0,1993.0,,11,0,0,0,0.0
23279,0,0.953139552,69,0,0.510677809,14000.0,10,0,2,0,0.0
123501,0,0.0,85,0,7.0,,5,0,0,0,0.0
98712,0,0.982035928,30,0,0.250262881,950.0,2,0,0,0,0.0
61475,0,0.044879835,70,0,6192.0,,13,0,5,0,0.0
131619,0,0.068096122,62,0,4162.0,,6,0,1,0,0.0
118032,0,0.075096179,50,0,0.593629482,7000.0,15,0,2,0,0.0
125503,0,0.9999999,24,1,0.111056269,2025.0,0,0,0,0,0.0
14962,0,0.351833174,33,0,0.117302335,10408.0,12,0,0,0,0.0
55643,0,0.0,60,0,0.0,,1,0,0,0,0.0
2063,0,0.163400642,63,0,279.0,,3,0,0,0,0.0
75274,1,0.9999999,51,0,0.0,,1,0,0,0,5.0
54407,0,0.001722127,65,0,0.002586207,2319.0,3,0,0,0,0.0
19698,0,0.202718081,48,0,0.641600417,7672.0,13,0,2,0,2.0
91084,0,0.150184624,39,0,1.200381679,1047.0,25,0,0,0,0.0
18796,0,0.0,52,0,0.351901446,5600.0,4,0,1,0,0.0
99541,0,0.408157007,54,0,0.393989983,9583.0,15,0,1,0,0.0
2496,1,0.451376082,48,0,2.51196093,12080.0,29,0,17,0,2.0
44648,0,0.0,41,0,1886.0,,4,0,1,0,0.0
83627,0,0.9999999,22,0,0.0,820.0,1,0,0,0,0.0
82908,0,0.81278309,43,0,0.176405243,4500.0,7,0,0,0,3.0
68438,0,0.718232516,48,0,0.648038246,6065.0,14,0,2,0,2.0
10899,0,0.818491942,33,0,0.322220499,6448.0,4,0,1,0,0.0
24394,0,0.441581417,68,0,0.18251928,3500.0,6,0,1,0,0.0
113992,0,0.12767785,63,0,0.16272377,20500.0,13,0,2,0,0.0
57580,0,0.008437236,82,0,0.002710945,2950.0,2,0,0,0,0.0
31259,0,0.894165252,57,1,1.0665,3999.0,8,0,1,0,0.0
116769,0,0.087449246,57,0,0.91552112,4000.0,3,0,1,0,0.0
96935,0,0.693404592,43,0,0.222865777,3970.0,5,0,0,0,3.0
136820,0,0.125645726,51,0,0.283097419,1200.0,3,0,0,0,0.0
105878,0,0.289311281,54,0,0.137577556,3706.0,7,0,0,0,2.0
41484,0,0.029751814,81,0,0.319148936,140.0,8,0,0,0,0.0
89559,0,0.0,84,0,0.0,,2,0,0,0,
28275,0,0.766973553,43,1,1.36709737,4333.0,21,0,1,0,0.0
66947,0,0.03959496,80,0,58.0,,8,0,0,0,0.0
113530,0,0.105059556,45,0,0.320139697,7730.0,18,0,1,0,2.0
29354,0,0.039191284,61,0,0.172273409,14000.0,13,0,0,0,1.0
129659,0,0.010999421,37,0,0.286883011,11000.0,10,0,2,0,2.0
86578,0,0.063114951,58,1,0.231204819,8299.0,7,0,2,0,2.0
88631,0,0.907443702,49,0,0.197609638,21000.0,12,1,3,0,1.0
66286,0,0.170189595,45,1,803.0,,7,0,0,1,0.0
29532,0,0.072947539,57,0,0.157032664,10500.0,16,0,1,0,0.0
49688,1,0.238109733,53,4,0.492245448,4448.0,11,0,2,0,0.0
57864,0,0.221641831,45,0,0.504238823,13800.0,14,0,6,0,0.0
3712,1,0.9999999,28,0,0.444334488,2020.0,3,1,0,0,0.0
95896,0,0.003948092,53,0,0.362870025,5100.0,11,0,1,0,4.0
121039,0,0.022032599,67,0,611.0,,7,0,1,0,0.0
30634,0,0.955679098,56,1,0.155869059,7300.0,8,0,0,0,0.0
49329,0,0.202876812,58,0,0.348975972,6200.0,10,0,1,0,1.0
138026,0,0.416525107,47,0,0.269002912,9958.0,10,0,1,0,2.0
86631,0,0.573172753,54,0,0.49323181,5909.0,12,0,2,0,1.0
68197,0,0.0,62,1,0.122406466,12000.0,10,1,2,0,3.0
98533,0,0.182521384,39,0,0.652948801,6171.0,13,0,3,0,0.0
87977,0,0.039096506,42,2,3541.0,,11,0,2,0,0.0
135760,0,0.9999999,65,0,76.0,,1,0,0,0,0.0
110591,0,0.9999999,22,0,1.0,,1,0,0,0,
143509,0,0.9999999,60,0,1246.0,,4,0,1,0,0.0
140882,0,0.24186919,33,0,0.195393169,5035.0,6,0,0,0,2.0
138303,0,0.063846808,66,0,0.298485298,10100.0,7,0,1,0,0.0
132911,0,0.743965805,35,0,1.56097561,2500.0,6,0,1,0,0.0
58641,0,0.369521359,37,0,0.181925113,5100.0,15,0,0,0,0.0
80492,0,0.271130202,72,0,0.210507181,5500.0,11,0,0,0,1.0
135951,0,1.024828057,64,5,0.591040896,10000.0,9,2,2,2,0.0
36676,0,0.047163053,70,2,0.413690646,17500.0,16,0,4,0,0.0
74670,0,0.000521694,57,0,0.360882573,5347.0,8,0,2,0,0.0
7025,0,0.68794348,64,0,0.315821775,16293.0,14,0,1,0,1.0
9657,1,0.9999999,47,0,27.0,,0,1,0,0,0.0
117428,0,0.030190269,53,0,0.208223342,12500.0,16,0,1,0,0.0
67812,0,0.716283716,46,0,0.389372947,7000.0,9,0,2,0,0.0
37535,0,0.465533404,51,1,2525.0,,10,1,2,0,0.0
105035,0,0.071430898,39,0,2146.0,,5,0,1,0,
99834,0,0.383233533,51,0,0.000333311,15000.0,2,0,0,0,1.0
135444,0,0.066798785,47,0,0.009102946,12083.0,10,0,0,0,0.0
21272,0,0.037952543,46,0,0.820436875,2700.0,9,0,1,0,1.0
133127,0,0.371738581,66,0,0.169798506,13250.0,6,0,0,0,0.0
46505,0,0.032539411,40,0,0.534032753,11723.0,18,0,2,0,4.0
112040,0,0.013794636,55,0,1742.0,,8,0,1,0,0.0
118338,1,1.03986711,38,4,0.101004464,14335.0,5,2,0,1,3.0
50958,0,0.371764347,64,0,0.121153097,7700.0,4,0,0,0,3.0
41409,0,0.094545273,75,0,0.706798569,4750.0,5,0,1,0,0.0
99185,0,0.0,44,0,1703.0,,6,0,2,0,0.0
105625,0,0.250618842,76,0,0.510395137,8224.0,11,0,2,0,0.0
130563,0,0.9999999,25,0,475.0,,4,0,0,0,0.0
38453,0,0.003423876,74,0,807.0,,10,0,1,0,
72799,0,0.0,70,0,0.220702838,6800.0,6,0,1,0,1.0
83410,0,0.020972802,64,1,2518.0,,4,0,1,0,
11831,0,0.018174546,64,0,0.016786571,1250.0,6,0,0,0,0.0
99983,0,0.229683785,64,0,0.509830057,3000.0,13,0,1,0,0.0
119878,0,0.276178449,58,1,0.283339583,8000.0,10,0,2,0,2.0
132046,0,0.338023996,57,0,2037.0,,8,0,2,0,0.0
112554,0,0.270086496,61,0,0.396257567,5450.0,7,1,1,0,0.0
75844,0,0.096112098,51,1,0.421094732,8750.0,12,0,1,0,0.0
140220,0,0.000153838,37,3,0.440007868,5083.0,10,0,1,0,0.0
17767,0,0.0,49,0,0.075395217,7400.0,7,0,0,0,1.0
144499,0,0.04429557,43,0,0.194878092,5700.0,5,0,1,0,1.0
99179,0,0.050342584,79,0,56.0,0.0,4,0,0,0,1.0
112367,0,0.9999999,56,0,1.304903495,3833.0,7,0,2,0,0.0
116122,0,0.523915316,25,0,0.315944159,1360.0,6,0,0,0,0.0
55869,0,0.038022104,74,0,0.139440065,3678.0,16,0,1,0,0.0
43441,0,0.297909518,63,1,0.213638941,58200.0,15,0,5,0,4.0
80277,0,0.010228279,53,0,12.0,,4,0,0,0,0.0
121937,0,0.550944906,43,0,0.370037004,9998.0,3,0,1,0,2.0
43467,0,0.083118759,75,0,1381.0,,11,0,2,0,0.0
92015,0,0.303093938,43,0,0.313137373,3333.0,6,0,0,0,2.0
98023,0,1.002305919,28,0,0.22951068,6600.0,7,0,1,0,0.0
88365,0,0.9999999,61,0,541.0,,2,0,1,0,1.0
82415,0,0.022016222,50,0,0.347868009,9333.0,8,0,2,0,1.0
68889,0,0.581847272,42,0,0.777444511,3333.0,4,0,3,0,0.0
142503,0,0.0,48,0,0.0,,6,0,0,0,0.0
74309,0,0.012702812,70,0,0.286871313,10000.0,12,0,1,0,0.0
71010,0,0.202174864,39,0,3582.0,,9,0,1,0,0.0
3058,0,0.032092449,73,0,2448.0,,11,0,2,0,0.0
124027,0,0.0,26,0,0.0,1200.0,2,0,0,0,0.0
53309,0,0.012112392,57,0,0.449820072,2500.0,12,0,1,0,0.0
99297,0,0.193353859,58,0,1095.0,,12,0,1,0,0.0
30283,0,0.241429819,38,0,360.0,,5,0,0,0,0.0
32050,0,0.517219885,30,0,0.29895502,2200.0,6,0,0,0,0.0
37779,0,0.179920502,70,0,217.0,,3,0,0,0,0.0
42434,0,1.126455907,35,1,0.123256691,2652.0,4,0,0,0,0.0
53732,0,0.924785417,35,1,1.107707191,3100.0,13,0,1,0,2.0
79013,0,0.025864404,61,0,6352.0,,14,0,6,0,0.0
99518,0,0.065995507,65,0,0.325483226,4500.0,7,0,1,0,1.0
126951,0,0.713293338,69,1,0.082367053,2500.0,6,0,0,0,0.0
16890,0,0.033351249,54,0,0.548290342,5000.0,8,0,1,0,0.0
86726,0,0.611717652,47,0,0.341309677,8566.0,6,0,1,0,3.0
96353,0,0.729333484,37,0,0.113322541,10500.0,6,0,0,0,0.0
104782,0,0.069412621,62,0,0.049992425,6600.0,8,0,1,0,2.0
133993,0,0.0,49,0,0.329218983,4698.0,7,0,1,0,0.0
57910,0,0.0,36,0,0.196007081,10167.0,3,0,1,0,3.0
82027,0,0.995466818,63,1,0.190060898,13300.0,7,0,1,0,1.0
50319,0,0.00222814,50,0,2594.0,,2,0,1,0,0.0
107403,0,0.007723157,58,0,0.593259069,3500.0,8,0,2,0,5.0
37185,0,0.62503039,82,1,0.122443982,8166.0,7,0,0,0,0.0
127036,0,0.569647678,63,0,4400.0,,5,0,2,0,0.0
91184,0,0.087157638,50,0,0.143109764,15833.0,10,0,1,0,2.0
99670,0,0.397304962,64,0,0.312403101,9029.0,10,0,2,0,0.0
55875,0,0.106980731,64,0,0.0794329,5148.0,3,0,0,0,0.0
80048,0,0.965190511,51,0,0.343739584,9000.0,8,0,1,0,0.0
97521,0,0.629847976,73,0,2630.0,,15,0,2,0,0.0
37033,0,0.9999999,26,0,0.16872428,1457.0,1,0,0,0,1.0
78810,0,0.263668914,70,0,0.419860047,3000.0,7,0,1,0,0.0
145539,0,0.720327967,74,0,0.187756916,9000.0,3,0,1,1,2.0
45215,0,0.028219584,69,0,0.148833765,2700.0,8,0,0,0,0.0
57928,0,0.200990429,43,0,0.273460796,5700.0,3,0,1,0,1.0
138988,0,0.115035973,62,0,0.345509088,11333.0,9,0,3,0,1.0
98999,1,0.9999999,28,0,0.254477301,2400.0,6,0,0,0,0.0
70691,0,0.017280766,79,0,0.252999657,5833.0,13,0,1,0,0.0
107884,1,0.004701008,66,0,0.000499917,6000.0,3,0,0,1,0.0
46238,1,1.063291139,52,1,0.140563466,3300.0,4,1,0,2,3.0
80799,0,0.0,58,0,0.25194961,5000.0,7,0,1,0,0.0
96346,0,1.49e-05,34,0,0.0,7000.0,2,0,0,0,0.0
33948,0,0.529894021,27,0,0.285102332,2100.0,5,0,0,0,0.0
6257,0,0.06614367,66,0,0.262818446,3100.0,7,0,1,0,0.0
145977,0,0.061481748,56,0,0.197985986,28400.0,7,0,2,0,2.0
15292,0,0.156388315,63,0,152.0,0.0,5,0,0,0,0.0
145752,0,0.016093683,75,0,0.804460681,5200.0,15,0,3,0,0.0
102730,0,0.861046318,34,1,0.056388722,5000.0,5,0,0,0,0.0
51374,0,0.0,35,0,0.0,3770.0,1,0,0,0,1.0
8092,0,0.041465733,82,0,0.236075297,23267.0,13,0,4,0,0.0
118077,0,0.020951906,50,0,0.485959503,12000.0,9,0,2,0,2.0
61936,0,0.012129216,64,0,119.0,,9,0,0,0,0.0
49401,0,0.169069722,68,0,0.248650562,11300.0,19,0,1,0,0.0
139169,0,0.026394721,35,0,0.573830077,2200.0,8,0,1,0,0.0
112643,0,0.9999999,40,0,123.0,,0,0,0,0,0.0
130538,0,0.031044749,57,1,372.0,,8,0,0,0,0.0
9359,0,0.03471244,60,0,0.075518456,7666.0,4,0,1,0,0.0
59283,0,0.073503131,48,0,0.190701001,6989.0,11,0,0,0,1.0
4336,0,0.013299668,77,0,0.011952191,1254.0,6,0,0,0,0.0
100984,0,0.0,65,0,0.026147015,2026.0,1,0,0,0,0.0
121792,0,0.604744633,30,0,0.119813364,6000.0,8,0,0,0,0.0
149984,0,0.002484811,82,0,0.00079984,5000.0,5,0,0,0,0.0
83553,0,0.0,21,0,0.0,820.0,2,0,0,0,0.0
77224,0,0.382410361,70,1,0.410763667,4700.0,14,0,0,0,0.0
138781,0,0.016515926,69,0,8.0,,8,0,0,0,0.0
137025,0,0.871935391,51,0,0.37860781,8834.0,14,0,2,0,0.0
42313,1,0.619557459,24,0,0.009024644,2880.0,1,0,0,0,0.0
92107,0,2.82e-05,66,1,147.0,,8,0,0,0,
2072,0,0.307692308,25,0,0.010463378,1337.0,2,0,0,1,0.0
41760,0,0.9999999,38,0,0.216030159,6100.0,6,0,0,0,2.0
23165,0,0.834853924,36,0,1.128122245,3402.0,6,0,2,0,0.0
68560,0,0.0,30,0,1.153692615,500.0,9,0,0,0,0.0
71052,0,0.207112425,48,0,0.233990813,3700.0,8,0,2,0,0.0
32456,0,0.9999999,48,0,0.0,,1,0,0,0,3.0
40843,0,0.100544384,65,0,27.0,,2,0,0,0,0.0
63583,0,0.068616889,58,0,0.046085859,1583.0,2,0,0,0,0.0
7038,0,0.101664407,46,0,0.352760359,8132.0,9,0,1,0,0.0
4273,0,0.9999999,62,0,0.0,3453.0,0,0,0,0,0.0
31244,0,0.420257131,45,1,346.0,,5,0,0,0,0.0
32355,0,0.566311441,35,1,0.520369593,2380.0,8,0,1,0,0.0
30469,0,0.136309811,45,0,0.439235725,4500.0,3,0,1,0,0.0
76242,0,0.0,50,0,0.542948168,8160.0,9,0,3,0,4.0
118937,0,0.215312827,61,0,0.227538623,20000.0,8,0,1,0,0.0
65405,0,0.361703951,38,0,0.330098658,6182.0,11,0,1,0,0.0
66586,0,0.0,50,0,1524.0,,9,0,1,0,3.0
5432,0,0.617351287,32,0,0.75173233,5050.0,13,0,1,0,2.0
140995,0,0.039252907,66,0,791.0,,3,0,1,0,0.0
52428,0,0.003263109,66,0,0.001525553,3932.0,4,0,0,0,0.0
134976,0,0.01462753,72,0,0.340392221,12135.0,12,0,3,0,1.0
96340,0,1.182828123,36,2,612.0,,12,1,0,3,0.0
64124,0,0.337330579,62,0,0.392321271,6797.0,16,0,1,0,0.0
14807,0,0.003185784,63,1,2042.0,,10,0,2,0,0.0
33821,1,0.024127851,69,0,0.423622413,4300.0,16,0,1,0,2.0
10629,0,0.023628754,30,0,0.008170676,2202.0,2,0,0,0,0.0
5242,0,0.13391297,49,0,0.08536434,24166.0,8,0,1,0,2.0
135302,0,0.817653495,57,0,0.358853317,11650.0,15,0,2,0,1.0
43053,1,0.142732024,48,0,0.390227082,20300.0,22,0,5,0,3.0
115170,0,0.040998536,62,0,0.117146532,10106.0,4,0,2,0,0.0
113591,0,0.036959627,57,0,0.322111859,15000.0,14,0,1,0,0.0
148709,0,0.375008503,28,0,0.159951713,6626.0,4,0,0,0,1.0
132364,0,0.793480828,34,0,0.259721727,2802.0,17,0,0,0,2.0
102591,0,0.009153142,50,0,0.296056315,12500.0,10,0,2,0,0.0
81379,0,0.021703717,63,0,0.327349788,4010.0,6,0,1,0,0.0
128012,0,0.530832729,29,0,0.219400162,3700.0,3,0,0,0,2.0
118435,0,0.117133014,49,0,0.120948234,6200.0,8,0,1,0,2.0
86607,0,0.050148746,66,0,937.0,,4,0,1,0,0.0
85379,0,0.035313451,67,0,29.0,0.0,3,0,0,0,0.0
97675,0,0.710578842,26,0,0.834355828,651.0,3,0,0,0,0.0
99992,0,0.185304078,63,0,0.311879568,9166.0,12,0,1,0,1.0
113830,0,0.349271897,33,0,0.341331734,3333.0,4,0,1,0,1.0
101215,0,0.764961784,36,0,0.302114456,8701.0,10,0,1,0,2.0
90727,0,0.051541751,63,0,0.395982143,2239.0,8,0,1,0,0.0
112284,0,0.98840232,30,1,0.193761248,5000.0,9,0,0,0,0.0
87163,1,1.192101414,48,2,0.941223511,2500.0,13,1,1,0,2.0
15984,0,0.528215557,35,0,0.33727712,6000.0,8,0,2,0,2.0
134201,1,0.9999999,57,0,0.36315921,4000.0,3,1,1,1,3.0
8907,0,0.169833037,53,1,0.713580247,4859.0,15,0,2,0,1.0
88052,0,0.135434958,60,0,0.266709332,25000.0,21,0,3,0,1.0
58364,0,1.043876701,71,0,0.413600892,7175.0,8,0,1,0,0.0
90504,0,0.174256685,47,0,0.26436048,7833.0,18,0,1,0,0.0
39730,0,0.036294616,65,0,0.007664112,3000.0,2,0,0,0,0.0
148556,0,0.041763122,78,0,0.04199664,4166.0,7,0,1,0,0.0
30155,0,0.016905022,55,0,1.509056839,1600.0,13,0,1,0,0.0
41135,1,0.573796369,36,0,0.322923173,1600.0,8,0,0,1,2.0
65404,0,0.001384142,71,1,0.291340707,3706.0,6,0,1,0,0.0
88749,0,0.229793538,54,1,0.056214866,1600.0,5,0,0,1,1.0
104484,0,0.212393803,48,0,0.116623473,2700.0,9,0,0,0,2.0
98196,0,0.000310334,46,0,0.215531608,9000.0,8,0,1,0,0.0
88639,0,0.0,72,0,0.332738308,2800.0,6,0,1,0,0.0
120552,0,0.782937074,54,0,0.374291745,9000.0,11,0,2,0,0.0
113005,0,0.478093066,42,0,0.210526316,2583.0,6,0,0,0,0.0
60872,0,0.9999999,48,0,0.276577874,8333.0,4,0,1,0,2.0
27146,0,0.016604697,59,0,0.104983849,4333.0,6,0,1,0,0.0
72178,0,0.334070131,64,0,8879.0,,33,0,3,0,1.0
42557,1,0.612903226,56,0,0.296330444,5422.0,9,0,0,1,0.0
11502,0,0.9999999,29,0,0.023809524,2099.0,1,2,0,1,0.0
126986,0,0.749097907,75,0,416.0,,6,0,0,1,0.0
101117,0,0.615093148,40,0,0.157894737,7200.0,6,0,0,0,3.0
5056,0,0.0,64,0,0.357479026,4886.0,5,0,1,0,0.0
98676,0,0.404343543,63,1,3636.0,,14,0,2,0,
45446,0,0.267408112,40,0,707.0,,7,0,0,0,3.0
47201,0,0.027054053,57,0,1795.0,,4,0,1,0,0.0
56538,0,0.609707754,46,0,0.116750786,10500.0,8,0,0,0,2.0
70974,0,0.035113282,56,0,0.458796968,6200.0,10,0,1,0,1.0
48419,0,0.107282649,48,0,0.348759719,2700.0,5,0,1,0,0.0
109649,0,0.51717738,63,0,0.984029484,2441.0,4,0,1,0,2.0
114990,0,0.547716107,41,0,1685.0,,15,0,1,0,0.0
145167,0,0.168883112,62,0,50.0,,2,0,0,0,0.0
12499,0,0.0,75,0,3396.0,,11,0,4,0,0.0
103644,0,0.784039266,60,0,0.16880367,8500.0,6,0,0,0,1.0
118574,0,0.822763573,42,0,0.254824875,5595.0,9,0,0,5,2.0
100590,0,0.620329493,28,0,0.198966408,5417.0,6,0,0,0,0.0
101575,0,0.876084957,42,0,0.107543606,9000.0,4,0,0,0,2.0
123629,0,0.186508226,61,0,0.3096382,10198.0,10,0,1,0,2.0
96958,0,0.051054384,32,0,435.0,,3,0,0,0,0.0
90019,0,0.9999999,62,0,0.0,7250.0,1,0,0,0,1.0
142945,0,0.070976488,61,1,0.245116992,15000.0,21,0,2,0,0.0
121407,0,0.008985909,50,0,0.2003367,10097.0,9,0,2,0,0.0
64535,0,0.292134831,28,1,0.200782269,2300.0,3,0,0,0,1.0
125562,0,0.00576061,62,0,24.0,0.0,12,0,0,0,0.0
119468,0,1.081329461,42,0,0.527288579,5734.0,13,0,1,0,1.0
67379,0,0.019298173,55,0,576.0,,4,0,1,0,0.0
52538,0,0.088628469,78,0,0.366589327,861.0,6,0,1,0,1.0
67555,0,0.625460437,61,0,0.349980754,20783.0,8,0,2,0,0.0
100674,0,0.272462408,64,0,3450.0,,13,0,2,0,1.0
147941,0,0.123077206,66,1,0.432984714,6214.0,33,0,1,0,0.0
92188,0,0.024450514,77,0,0.105418487,8470.0,14,0,1,0,0.0
143758,0,0.561199001,24,0,0.095619988,1620.0,3,0,0,0,0.0
46593,0,0.127138394,68,0,231.0,0.0,9,0,0,0,0.0
54409,0,0.050797097,34,0,0.411674347,7811.0,14,0,2,0,2.0
12582,0,0.017407523,68,0,0.170501181,8040.0,17,0,1,0,0.0
99006,0,0.81822652,30,0,710.0,,6,0,0,0,1.0
11081,0,0.02547926,71,0,0.265189971,6500.0,11,0,1,0,1.0
50597,0,0.005953409,59,1,0.54126804,6166.0,19,0,2,0,1.0
47447,0,0.16300349,48,0,1.217519106,1700.0,29,0,0,0,0.0
149159,0,0.007358213,62,0,0.181402657,7000.0,6,0,0,0,1.0
139216,0,0.349408281,62,0,0.374392492,11933.0,17,0,1,0,0.0
68216,0,0.312938384,61,1,0.274069136,10500.0,10,0,2,0,0.0
109662,0,0.012927162,62,0,0.090279781,10400.0,7,0,2,0,0.0
68567,0,0.0,94,2,0.0,,7,0,0,0,0.0
58028,0,0.298449709,61,0,0.36342998,15416.0,20,0,1,0,0.0
119167,0,0.001280757,48,0,0.535110688,4200.0,8,0,1,0,0.0
4197,0,0.316536693,87,0,47.0,,1,0,0,0,0.0
73977,0,4212.0,35,0,0.557392809,5200.0,6,0,2,0,1.0
116890,0,0.223510416,40,1,0.443280977,9167.0,16,0,1,0,2.0
99940,0,0.056982859,71,0,0.181890897,6250.0,10,0,1,1,0.0
43015,0,0.568915427,66,0,1.130217446,4000.0,11,0,1,0,0.0
11864,0,0.001210987,71,1,1.0,,4,0,0,0,
130091,0,0.145170966,24,0,0.102056216,5300.0,5,0,0,1,0.0
31070,0,0.555639905,38,0,0.282857557,6900.0,3,0,1,0,0.0
140650,1,1.976744186,46,1,0.116823765,3500.0,2,2,0,0,0.0
139479,0,0.27926638,48,0,2378.0,,5,0,1,0,2.0
148178,0,0.019285677,58,4,0.238437735,11956.0,14,0,2,0,0.0
59612,0,0.9999999,52,0,0.193811947,7465.0,2,0,1,0,1.0
101586,0,0.08504163,55,0,0.405671296,5183.0,5,0,1,0,0.0
72764,0,0.00760982,66,0,0.330667594,8627.0,11,0,3,0,0.0
24804,0,0.156968731,36,0,0.441026389,6858.0,11,0,1,0,0.0
129671,0,0.001491097,56,0,5173.0,,4,0,1,0,
98056,0,0.004887549,74,1,0.870170386,4166.0,23,0,6,0,0.0
91389,0,0.148258074,66,0,0.23820556,4747.0,10,0,0,0,2.0
91132,0,0.753784617,59,0,0.478455705,5801.0,8,0,1,0,1.0
25014,0,0.020781542,53,0,0.282312307,5500.0,8,0,1,0,2.0
74152,0,0.061834915,61,0,1824.0,,5,0,1,0,0.0
102522,0,0.011329326,36,0,0.003548196,3381.0,4,0,0,0,0.0
96354,0,0.180836474,64,2,0.483320979,5395.0,18,0,2,0,0.0
41997,0,0.334139279,49,1,0.392783839,9256.0,18,0,1,0,0.0
45862,1,0.055463838,56,2,0.136095989,9000.0,22,0,1,0,0.0
101814,0,0.076670696,44,0,1583.0,,6,0,1,0,0.0
120143,0,0.593317765,62,2,0.626392459,3500.0,22,0,1,0,0.0
67687,0,0.086185798,60,0,0.31478087,6000.0,7,0,2,0,0.0
111061,1,0.731036091,60,2,0.359737807,9000.0,17,1,2,0,0.0
113277,0,0.957423177,39,0,0.223993515,3700.0,6,1,0,0,2.0
93642,0,0.32358656,46,0,3158.0,,7,0,1,0,3.0
111115,0,0.012654085,40,0,0.0029994,3333.0,3,0,0,0,0.0
71723,0,0.294977309,44,0,0.702719156,4927.0,8,0,2,0,2.0
119249,1,0.13094009,39,0,0.077288942,9250.0,3,0,0,0,0.0
101723,0,0.001708807,55,0,1723.0,,5,0,1,0,0.0
82157,0,0.00169073,84,1,0.000425441,4700.0,7,0,0,1,0.0
117365,0,0.001768065,75,0,0.083230169,10500.0,10,1,0,0,0.0
8694,0,0.33980469,58,0,0.355763161,7920.0,14,0,0,0,0.0
99830,0,1.141571686,35,0,0.149306675,3100.0,3,0,0,0,0.0
110064,0,0.0,83,0,0.0,5200.0,1,0,0,0,0.0
25067,0,0.234573288,50,0,0.559078161,8200.0,12,0,3,0,2.0
69161,0,0.443938556,42,1,0.538795566,8750.0,11,0,4,0,3.0
102848,0,0.064093141,71,0,2158.0,,18,0,2,0,1.0
12246,0,0.301222786,52,0,0.557728202,11250.0,13,0,3,0,1.0
8927,0,0.841253479,49,0,4630.0,,16,0,2,0,0.0
116270,1,0.026134003,77,0,0.148528992,3500.0,9,0,1,0,0.0
83815,0,0.026685943,48,0,27.0,,4,0,0,0,0.0
34477,0,0.9999999,46,0,0.20726519,9166.0,3,0,2,0,0.0
37791,0,0.093176665,41,0,0.253691959,21600.0,12,0,1,0,3.0
49178,0,0.117873082,54,1,0.250583139,3000.0,16,0,1,0,0.0
68547,0,0.645416675,51,0,0.866997871,7044.0,11,0,3,0,0.0
38348,0,0.9999999,36,0,0.166989539,2580.0,2,0,0,0,0.0
84735,0,0.119887067,39,0,0.353564644,10000.0,16,0,3,0,4.0
26154,1,0.9999999,44,0,0.666547662,2800.0,2,0,0,0,2.0
42038,0,0.237660381,68,0,0.196700825,4000.0,9,0,1,0,0.0
115655,0,0.016988115,41,0,1.079036901,3820.0,13,0,2,0,1.0
103877,0,0.117726395,72,0,0.213170224,3841.0,13,0,1,0,0.0
53068,0,0.014217665,69,0,0.00293725,3744.0,2,0,0,0,0.0
12185,0,0.664814846,55,0,0.747437405,5950.0,10,0,1,0,3.0
97657,0,0.091645418,76,0,0.327479829,2106.0,3,0,1,0,0.0
16246,0,0.003100515,47,0,0.376633987,3671.0,6,0,1,0,0.0
86381,0,0.010489022,64,0,0.173973235,6500.0,15,0,2,0,0.0
21541,0,0.397429487,42,0,2068.0,,12,0,1,0,0.0
41757,0,0.090982794,25,0,30.0,0.0,5,0,0,0,0.0
147959,0,0.027710803,75,0,0.083187632,10866.0,8,0,1,0,0.0
135391,0,0.234893576,57,0,0.321168487,12083.0,8,0,2,0,1.0
124964,0,0.056560732,56,0,0.555456808,5625.0,7,0,2,0,0.0
100885,0,0.9999999,52,0,0.306553128,2700.0,3,2,1,0,3.0
57072,0,0.9999999,75,0,0.0,,2,0,0,0,
66616,0,0.967930029,36,1,0.966724039,3485.0,7,0,2,0,0.0
72340,0,0.174016782,51,0,0.080175478,13220.0,10,0,0,0,5.0
54034,0,0.0,46,0,0.727329386,3208.0,5,0,1,0,0.0
47433,0,0.030821073,56,0,2232.0,,7,0,1,0,
108934,0,0.021399536,61,0,0.120490129,2937.0,6,0,1,0,0.0
120810,0,0.043911134,59,0,0.378684478,6886.0,11,0,1,0,1.0
33405,1,0.9999999,28,2,0.666666667,2573.0,4,2,0,1,2.0
77424,0,0.006635307,43,0,0.358271091,16333.0,14,0,3,0,0.0
104176,0,0.780230362,32,1,0.255459563,8333.0,8,0,1,0,0.0
101672,0,0.023410033,68,0,0.003514377,9389.0,6,0,0,0,0.0
93964,0,0.094276736,31,0,0.626446861,2850.0,6,0,1,0,0.0
79009,0,0.041326427,55,0,0.407602725,9101.0,11,0,2,0,1.0
81416,1,0.761937597,49,3,0.207368599,5916.0,10,0,2,0,2.0
47254,0,0.135921964,55,0,0.051125989,11500.0,9,0,1,0,1.0
62200,0,0.770558704,50,3,0.2608526,10250.0,10,0,1,0,2.0
112395,0,0.0,33,0,0.447548852,5833.0,6,0,2,0,0.0
122905,0,0.0,42,0,2173.0,,3,0,1,0,0.0
125909,0,0.184134509,53,0,0.605944607,4440.0,10,0,3,0,1.0
52251,0,0.0,74,0,0.0,4016.0,3,0,0,0,1.0
38265,0,0.273246679,44,0,0.243311187,5568.0,6,0,2,0,0.0
137738,0,0.014031498,72,0,655.0,,7,0,1,0,0.0
41399,0,0.049323917,50,0,0.494876281,4000.0,11,1,2,0,0.0
44467,0,0.0,58,0,0.264157341,2948.0,10,0,0,0,0.0
87993,0,0.212215077,64,0,0.369761334,8756.0,4,0,1,0,0.0
15277,0,0.026227073,32,0,0.158947018,3000.0,7,0,0,0,0.0
101444,0,0.151562684,44,0,0.375337187,2594.0,9,0,1,0,0.0
56427,0,0.9999999,49,0,0.148140068,9166.0,2,0,0,0,0.0
83851,0,1.11824261,39,2,0.451554263,5500.0,8,1,2,0,0.0
45696,0,0.36214921,42,0,0.327556656,5250.0,11,0,1,0,0.0
62019,0,0.034544724,41,0,0.402190923,3833.0,14,0,1,0,0.0
44299,0,0.982035928,76,0,34.0,,1,0,0,0,
118714,0,0.115483365,37,0,0.280658938,4916.0,5,0,1,0,2.0
44769,0,0.063879558,46,0,0.560487902,5000.0,13,0,1,0,0.0
116853,0,1.222591362,32,0,11.0,,1,1,0,0,0.0
17024,0,0.737049204,47,0,0.353912077,6300.0,10,0,0,0,0.0
149615,0,0.475130516,59,1,0.560461235,6590.0,16,0,2,0,1.0
96615,0,0.0,42,0,8.0,,9,0,0,0,0.0
45406,0,0.111111111,40,0,0.175582188,10262.0,6,0,1,0,0.0
95305,0,0.458445364,47,0,0.153030059,6220.0,7,0,0,0,1.0
49803,0,0.030102929,74,0,60.0,,12,0,0,0,0.0
42860,0,0.062290154,68,0,0.04373102,11524.0,7,0,0,0,0.0
63370,0,0.657342657,23,1,0.510496672,1952.0,3,0,0,0,0.0
148457,0,0.197270642,74,0,0.126859435,5982.0,4,0,0,0,0.0
48956,0,0.107817187,69,0,0.007732302,7500.0,7,0,0,0,0.0
40169,0,0.113187444,76,0,0.425443503,6256.0,5,0,1,0,0.0
29763,0,0.097737692,62,0,0.400266622,6000.0,31,0,1,0,5.0
30970,0,0.053251386,61,0,1630.0,,7,0,1,0,
27891,0,0.031926819,52,0,0.004772727,4399.0,2,0,0,0,2.0
79056,0,0.131213537,74,0,0.33252291,5346.0,10,0,1,0,0.0
33987,0,0.223552894,31,0,0.004969307,3420.0,4,0,0,0,1.0
32460,0,0.007092595,81,0,0.00449925,6000.0,11,0,0,0,1.0
69884,0,0.021524694,63,0,19.0,,2,0,0,0,0.0
70021,0,0.069663325,72,0,0.77071559,11500.0,26,0,5,0,1.0
20950,1,0.553131533,36,0,0.630619101,6250.0,9,1,1,0,0.0
72745,0,0.878685762,50,0,0.217535065,18750.0,13,0,1,0,3.0
60397,0,0.335842422,56,0,0.271788035,6000.0,6,0,1,1,3.0
96197,1,0.962700386,44,0,0.199446367,7224.0,6,0,0,0,4.0
133614,0,0.9999999,40,0,0.0,3100.0,0,0,0,0,3.0
104097,0,0.129629012,64,0,0.180972628,7525.0,8,0,1,0,0.0
96279,0,0.17153205,62,0,0.351123983,7250.0,10,0,2,0,0.0
94809,0,0.870283962,45,0,0.463192101,8000.0,8,0,2,0,0.0
24034,0,0.051773706,32,0,0.230589803,3000.0,3,0,1,0,0.0
68353,0,0.0,26,0,0.0,833.0,2,0,0,0,0.0
39629,0,0.022179802,36,0,7.0,,4,0,0,0,0.0
120647,0,0.018682545,77,0,0.002988992,13716.0,11,0,0,0,0.0
93534,0,0.132674188,64,0,2511.0,,11,0,3,0,0.0
120621,0,0.009999,63,0,2274.0,0.0,12,0,2,0,0.0
38250,1,0.689748997,38,2,0.650817884,4584.0,13,1,2,0,0.0
41110,0,0.109063427,54,0,0.376925155,3700.0,4,0,1,0,0.0
18815,0,0.148625728,38,1,0.404269693,7400.0,9,0,2,0,3.0
46031,0,0.825191255,48,0,2758.0,,8,0,1,0,3.0
61824,0,0.002618134,53,0,1149.0,,6,0,1,0,0.0
33477,0,0.566102294,50,0,0.357341956,8968.0,9,0,2,0,2.0
26883,0,0.174825632,62,0,0.320515286,5200.0,15,0,1,0,1.0
1060,0,0.014466655,51,0,0.262962153,4570.0,28,0,2,0,0.0
140148,0,0.797485163,44,0,0.151808032,6000.0,8,0,0,0,0.0
13241,0,0.0,58,0,3807.0,,9,0,3,1,0.0
95183,0,0.957014329,27,0,0.7264,624.0,3,0,0,0,0.0
77560,0,0.009587431,58,0,0.63278907,3000.0,14,0,2,0,1.0
62361,0,0.093911691,37,0,0.561672293,3850.0,11,0,1,0,0.0
5767,0,0.004210457,45,0,0.189566837,4293.0,6,0,1,0,1.0
53059,0,0.00119996,74,0,0.765778126,5101.0,9,0,5,0,0.0
26571,0,0.590752139,44,0,0.264713622,11400.0,4,0,1,0,0.0
53401,1,0.618787918,51,3,0.356967548,11000.0,18,0,2,0,2.0
104488,0,0.242927771,32,0,0.55009373,4800.0,11,0,1,0,1.0
54764,0,0.417651387,73,0,1890.0,,12,0,1,0,0.0
92620,0,0.0,37,0,1601.0,,3,0,1,0,0.0
87137,0,0.482145276,35,0,0.275787369,6000.0,13,0,2,0,3.0
9664,0,0.003178458,82,1,0.06805961,6508.0,7,0,1,0,1.0
43428,0,0.08605089,78,0,0.009406711,13500.0,6,0,0,0,0.0
89864,0,0.200496105,46,1,0.789685056,4730.0,9,0,2,0,2.0
77102,0,0.474856253,65,0,0.635133056,6500.0,11,0,2,0,0.0
17836,0,0.253607683,69,1,0.390347954,7500.0,31,0,2,0,0.0
111637,0,1.045349731,60,2,1497.0,,9,0,1,0,0.0
66164,0,0.127041845,47,0,0.376072914,11300.0,7,0,2,0,4.0
69239,0,0.02130373,67,0,0.005888951,3565.0,4,0,0,0,0.0
133143,0,0.101982848,81,0,173.0,,6,0,0,0,
38280,0,0.088324817,38,0,0.658222785,15000.0,15,0,3,0,0.0
124089,0,0.035323593,63,1,1699.0,,16,0,1,0,1.0
37503,0,0.362201643,25,0,0.148839842,5300.0,9,0,0,0,0.0
108792,0,0.034022846,56,0,0.245936148,8550.0,24,0,3,0,0.0
68124,0,0.0,68,1,0.663512491,5283.0,8,0,2,0,0.0
131354,0,0.014635163,76,0,0.00622084,4500.0,6,0,0,0,2.0
79606,0,0.695566744,62,0,0.745272767,4600.0,13,0,1,0,1.0
144449,1,0.9999999,32,0,106.0,,0,3,0,1,0.0
64155,1,0.985002586,56,4,0.428350356,3230.0,6,2,1,0,0.0
131923,0,0.144688043,46,0,0.142530706,3500.0,8,0,0,0,3.0
149073,0,0.209326383,50,1,0.357897517,3785.0,13,0,1,0,1.0
5367,0,0.265894509,58,1,0.421175425,9000.0,10,0,2,0,1.0
44019,0,0.206419898,44,0,0.209892002,19166.0,10,0,3,0,0.0
22606,0,0.9999999,26,1,0.34900054,1850.0,5,0,0,0,0.0
99804,0,0.026771315,28,0,0.153269471,2400.0,5,0,0,0,0.0
116687,0,0.614385614,38,2,0.125749833,4500.0,3,0,0,0,1.0
53010,0,0.014992415,66,0,0.136602452,4567.0,10,0,1,0,1.0
91255,0,0.212156122,59,1,0.247347618,4806.0,13,0,0,0,0.0
87557,0,0.92358804,44,0,537.0,,5,0,0,0,2.0
95979,0,0.009896303,38,1,0.859535116,4000.0,9,0,5,0,0.0
138611,0,0.000499964,52,0,0.214064116,2900.0,6,0,0,0,0.0
92593,0,0.380859629,32,0,0.277146217,2550.0,5,0,0,0,0.0
19316,0,0.086694575,42,0,0.187322012,9480.0,7,0,1,0,2.0
64769,0,0.572518021,63,0,3064.0,,16,0,1,0,0.0
26131,0,0.389722056,55,1,0.144878499,3250.0,6,0,0,0,0.0
68284,0,0.993202719,38,0,3719.0,,7,0,4,0,0.0
49881,0,0.050457899,55,0,0.028858883,3776.0,8,0,0,0,0.0
113442,0,0.411820286,55,0,0.261567077,4300.0,10,0,1,0,0.0
5762,0,0.0,67,0,0.0,1600.0,1,0,0,0,0.0
133337,0,0.01635755,37,1,3980.0,,7,0,2,0,0.0
108458,0,0.034948843,62,0,1338.0,,9,0,1,0,0.0
79102,0,0.0,28,0,1931.0,0.0,14,0,2,0,0.0
25879,0,0.002584442,53,0,0.125430508,9000.0,9,0,1,0,1.0
79928,0,0.0,71,0,0.082274526,4800.0,7,0,0,0,0.0
145919,0,0.0064626,76,0,0.001080789,3700.0,4,0,0,0,0.0
119123,0,0.651667549,34,1,3115.0,,9,0,3,0,0.0
45219,0,0.005749795,61,0,0.190511353,5416.0,8,0,1,0,0.0
123646,0,0.450820834,45,0,0.10253651,6504.0,3,0,0,0,2.0
123559,0,0.236600944,34,0,0.172010937,4022.0,3,0,0,0,2.0
105082,0,0.029433503,69,1,4037.0,,7,0,2,0,0.0
142772,0,0.181953496,47,0,0.132923587,41000.0,16,0,2,0,1.0
34591,0,0.101001988,61,0,0.217114791,15880.0,5,0,1,0,0.0
127166,0,0.001783411,32,0,0.201159768,5000.0,9,0,1,0,0.0
93935,0,0.190305402,31,0,0.52424081,1876.0,6,0,0,1,0.0
110323,0,0.037063581,47,0,0.293082767,2500.0,4,0,1,0,0.0
133713,0,0.569184043,52,1,3233.0,,10,0,1,1,4.0
100114,0,0.961038961,65,0,0.284675514,5500.0,10,0,2,0,0.0
35042,1,0.029850746,42,0,685.0,,3,2,0,1,0.0
139079,0,0.9999999,23,0,0.010962241,820.0,1,0,0,0,0.0
106960,0,0.015054719,48,0,0.063672261,4051.0,3,0,0,0,2.0
129112,0,0.004503136,74,0,0.335872411,4200.0,5,0,1,0,1.0
57245,0,0.023799898,29,1,0.334664097,7263.0,10,0,1,0,0.0
97619,0,0.00888546,54,0,0.048303977,13000.0,5,0,0,0,1.0
7768,0,0.9999999,25,0,0.0,,1,0,0,0,0.0
27830,0,0.281752708,48,0,0.117010816,8135.0,7,0,0,0,1.0
23531,0,0.075827938,71,0,0.299206087,6045.0,13,0,2,0,1.0
17841,0,0.009301797,45,0,0.008942662,1900.0,8,0,0,0,0.0
1813,0,0.026599391,62,0,0.074071225,13000.0,9,0,1,0,1.0
31466,0,0.011110425,31,1,0.164470625,6450.0,17,0,1,0,1.0
75645,0,0.490782983,65,1,0.23620411,4330.0,8,0,0,0,0.0
138735,0,0.098903613,59,0,1890.0,,10,0,1,0,0.0
68258,0,0.195066784,44,0,0.486876823,7200.0,5,0,2,0,3.0
107675,0,0.073159408,55,0,122.0,,6,0,0,0,0.0
7256,0,0.251937403,61,0,0.605131623,3000.0,11,0,3,0,0.0
9457,0,0.06455638,49,0,0.604047891,3507.0,19,0,1,0,2.0
214,0,0.9999999,62,0,0.04965839,6000.0,1,0,0,0,0.0
50197,0,0.198249298,51,0,0.137323944,9371.0,10,0,0,0,4.0
40209,0,0.981818182,28,1,0.199636474,3300.0,5,0,0,1,3.0
144279,0,0.0,28,0,0.1684,2499.0,2,0,0,0,0.0
114574,0,0.896475991,46,0,0.574907273,6200.0,13,0,2,0,0.0
3470,0,0.083525611,33,0,0.128774245,5000.0,6,0,2,0,0.0
70365,0,0.058108007,73,0,71.0,,8,0,0,0,
148295,0,0.122821683,65,0,0.159632626,9145.0,12,0,0,0,0.0
54120,0,0.463638891,45,0,0.449663623,8323.0,12,0,0,0,2.0
32914,0,0.219718685,38,0,0.039184326,2500.0,2,0,0,0,2.0
2402,0,0.728787735,38,1,0.353819491,7500.0,6,3,1,2,0.0
68577,0,0.469503386,51,0,0.289201489,9667.0,6,0,1,0,1.0
57100,0,0.006020494,48,0,1496.0,,8,0,1,0,0.0
74763,0,0.023977245,61,0,0.199333703,1800.0,4,0,0,0,0.0
24499,0,0.030920698,27,0,0.085769666,6190.0,4,0,0,0,0.0
123804,0,0.99440056,54,0,1996.0,,7,0,1,0,0.0
135941,0,0.0,68,1,1333.0,,11,0,1,0,0.0
3783,0,0.0,50,0,0.0,,1,0,0,0,0.0
50009,0,0.164702725,43,0,0.413698288,8000.0,21,0,2,0,0.0
49069,0,0.053429877,64,0,0.142699319,16292.0,7,0,1,0,1.0
35883,0,0.103789621,73,0,0.004904287,6320.0,3,0,0,0,0.0
140920,0,0.006814472,52,0,1392.0,,5,0,1,0,0.0
43268,0,0.513488348,39,0,3563.0,,18,0,2,0,1.0
65368,0,0.263048379,67,0,0.954204829,1200.0,3,0,1,0,1.0
102884,0,0.129992074,68,0,0.236848369,4200.0,13,0,1,1,1.0
74884,0,0.0,39,1,0.039584364,8083.0,4,0,0,2,0.0
1685,0,0.0,40,0,509.0,,3,0,0,0,0.0
106654,0,0.020116858,55,0,2.557823129,1910.0,15,0,2,0,0.0
147521,0,1.107892108,21,0,0.008247938,4000.0,2,0,0,0,0.0
122205,0,0.044646769,34,0,0.365330322,7083.0,11,0,2,0,2.0
87850,0,0.103615397,46,0,0.266465257,6619.0,9,0,1,0,3.0
64975,0,0.589671417,54,0,1.056431904,4500.0,10,0,2,0,0.0
99056,0,0.241805016,30,0,0.864451632,3400.0,13,0,1,0,1.0
95603,1,0.196894561,40,1,72.0,,2,0,0,0,0.0
132860,0,0.083155925,31,0,1128.0,0.0,5,0,1,0,2.0
39875,0,0.115929328,68,0,0.188601511,4368.0,6,0,0,0,0.0
82285,0,0.040175714,40,0,0.48993001,7000.0,8,0,1,0,2.0
22787,0,0.142401407,64,0,2.086637787,3000.0,13,0,3,0,0.0
49628,0,0.088903703,43,0,0.289495353,8500.0,7,0,2,0,2.0
18653,0,0.11842873,51,0,2722.0,,18,0,2,0,2.0
76053,0,0.084081454,30,0,0.470454545,3079.0,12,0,1,0,0.0
93662,0,0.055698877,64,0,0.149434091,11750.0,6,0,2,0,0.0
5513,0,0.701086594,44,0,0.1538042,3666.0,6,0,0,0,0.0
84237,0,0.00255292,82,0,0.0,,2,0,0,0,0.0
86621,0,0.074385813,67,0,0.15261959,3950.0,10,0,1,0,0.0
35361,0,0.243519653,53,0,0.384863867,4333.0,13,0,1,0,0.0
14828,0,0.035682806,46,0,0.613948033,11083.0,13,0,4,0,2.0
58013,0,0.281428637,42,0,1.171025641,3899.0,25,0,1,0,0.0
65572,0,0.213857428,40,0,0.221684154,3716.0,3,1,1,0,2.0
94145,0,0.006297347,80,0,0.461296772,3500.0,20,0,2,0,1.0
33556,0,0.116858876,77,0,52.0,,4,0,0,0,
51433,0,0.2866054,69,0,0.335985853,2261.0,3,0,1,0,0.0
134212,0,0.959760015,60,0,0.218668276,4970.0,3,0,0,0,0.0
52723,0,0.129575207,46,0,0.436281859,2000.0,8,0,1,0,1.0
67384,0,4062.0,55,0,121.0,,1,0,0,0,
129363,0,0.120667092,70,0,378.0,,8,0,0,0,0.0
62044,0,0.053245563,30,0,0.072505999,5833.0,3,0,0,0,0.0
44958,0,0.082584291,63,0,0.17954736,11929.0,12,0,1,0,0.0
33157,0,0.170572565,59,0,0.159903341,12000.0,5,0,1,0,2.0
127530,0,0.293754643,44,0,0.115939242,5200.0,3,0,0,0,0.0
67017,0,0.01622841,43,0,14.0,,4,0,0,0,0.0
74786,1,1.036867172,42,3,0.664399926,5440.0,12,0,2,0,3.0
46396,0,0.025831535,58,0,2458.0,,9,0,1,0,0.0
8009,0,0.343884592,48,0,0.40085382,6792.0,11,0,1,0,0.0
65820,0,0.0,24,0,0.0,,3,0,0,0,0.0
93507,1,0.582237619,47,0,409.0,,10,0,0,0,0.0
119345,0,0.015784824,68,0,0.201599848,10500.0,16,0,1,0,0.0
120494,0,0.008150576,42,1,865.0,,10,0,1,0,0.0
7960,0,0.053479622,62,0,0.041713389,8917.0,7,0,0,0,0.0
18923,1,0.9999999,56,1,0.07801182,78000.0,6,1,1,0,3.0
44726,0,0.035708891,67,0,0.46832473,2130.0,8,0,1,0,0.0
81418,0,0.35953517,67,0,1189.0,,10,0,0,0,1.0
65763,0,0.180963807,36,0,0.510998,5500.0,6,0,2,0,0.0
99777,0,0.475672809,55,0,0.258890263,13750.0,12,0,2,0,0.0
10133,0,0.050058458,82,0,0.205660668,6500.0,12,0,2,0,0.0
104622,0,0.464210799,53,0,1.547726137,2000.0,15,0,2,0,0.0
47117,0,0.161179819,35,0,0.312121212,15839.0,6,0,2,0,5.0
70653,0,0.283385838,31,0,0.145888594,4900.0,7,0,0,0,0.0
26311,0,0.142277136,54,1,0.33614956,11125.0,11,0,3,0,2.0
56680,0,0.960075998,46,0,0.376899696,3947.0,3,0,0,0,1.0
43925,0,0.0,80,0,0.275517488,1400.0,3,0,1,0,0.0
62260,0,0.856349295,37,0,0.63880289,4844.0,2,0,1,0,0.0
45260,0,0.0,70,0,9.0,,5,0,0,0,0.0
41469,0,0.908193238,55,1,0.141847011,4666.0,9,0,0,2,0.0
96134,0,0.281300186,71,1,0.354691625,4166.0,9,0,0,0,0.0
140692,0,0.58921714,56,0,0.8625785,2706.0,12,0,1,0,0.0
55535,0,0.903727571,30,0,5993.0,,6,1,4,0,0.0
66410,0,0.188117162,57,0,0.212702984,12500.0,4,0,2,0,1.0
63661,1,0.134393975,64,2,0.07177395,6617.0,13,0,0,0,0.0
136983,0,0.739086971,23,0,0.036646308,1800.0,1,0,0,0,0.0
127841,0,0.047754608,54,0,0.535419383,2300.0,9,0,1,0,0.0
98802,0,0.666686084,48,0,7.087824351,500.0,11,0,2,0,1.0
120959,0,0.08595902,61,0,3798.0,,6,0,2,0,0.0
122323,0,0.336134454,54,0,0.271289343,6258.0,9,0,2,0,1.0
110723,1,0.865814437,54,1,0.361725664,8135.0,11,0,2,3,2.0
31442,0,0.115237829,40,1,2.491686461,2946.0,17,0,3,0,0.0
14559,0,0.0019417,63,0,1933.0,,8,0,1,0,0.0
46385,0,0.096984985,55,0,121.0,,8,0,0,0,0.0
53413,0,0.527702089,37,0,0.188801866,6000.0,9,0,0,0,1.0
31039,0,0.387922211,54,0,0.111195159,1321.0,2,0,0,0,0.0
90946,0,0.042064195,51,0,0.5,2173.0,6,0,1,0,3.0
1451,0,0.363993614,45,0,0.248252006,13586.0,6,0,2,0,3.0
90740,0,0.384328209,71,0,0.490855889,4100.0,7,0,1,0,0.0
2373,0,0.198122641,58,0,0.598523304,4333.0,8,0,1,0,0.0
95861,0,0.059611804,43,0,0.47137869,9450.0,13,0,3,0,0.0
46725,0,0.886113886,47,2,0.20609825,7083.0,4,0,1,0,3.0
4692,0,0.63829956,50,0,0.664180315,6166.0,17,0,2,0,1.0
71809,0,0.064420599,42,0,0.641195627,8597.0,8,0,3,0,0.0
106784,0,0.529908855,46,0,0.229471316,8000.0,7,0,0,0,2.0
39823,0,0.9999999,57,0,0.172298905,2100.0,1,0,0,0,0.0
114691,0,0.265381517,59,0,3438.0,,12,0,2,0,0.0
6828,0,0.300111388,28,0,0.153787005,2600.0,12,0,0,0,0.0
97671,0,0.17845848,64,1,826.0,,6,0,1,0,
72204,0,0.153378891,69,0,0.079980005,4000.0,3,0,0,0,1.0
127931,0,0.021462046,74,0,21.0,0.0,2,0,0,0,0.0
59906,0,0.071682862,52,0,0.518410144,4100.0,28,0,3,0,2.0
86412,0,0.9999999,49,0,3762.0,,3,0,3,0,
6121,0,0.068454391,48,0,0.089739926,6997.0,8,0,0,0,3.0
8968,0,0.12937751,67,0,0.164460528,10500.0,19,0,1,0,0.0
18338,0,0.427487759,32,0,0.38531848,3500.0,3,0,2,0,0.0
91855,0,0.532355649,31,0,0.202131317,2908.0,5,0,0,0,0.0
109889,0,0.05189827,54,0,0.19561152,8020.0,6,0,2,0,0.0
131499,1,0.579001899,39,1,0.596089758,4500.0,6,0,2,0,2.0
137052,1,0.793106252,35,1,0.098300566,3000.0,3,0,0,1,4.0
21607,0,0.038130128,58,0,61.0,,5,0,0,0,0.0
41416,0,0.9999999,52,1,1721.0,,5,3,0,0,0.0
87413,0,0.598952972,32,1,0.09085213,12767.0,11,0,0,0,2.0
5708,0,0.003114197,57,0,0.408124882,5316.0,6,0,2,0,1.0
109185,0,0.683784979,61,0,0.56171914,2000.0,5,0,1,0,0.0
79863,0,0.9999999,22,98,0.0,,0,98,0,98,
69130,0,0.9999999,79,0,0.204855491,4324.0,1,0,0,0,0.0
45904,0,0.491447298,43,0,0.499683844,6325.0,13,0,2,0,1.0
68078,0,0.0,72,0,490.0,,10,0,1,0,0.0
23495,0,0.192716237,58,0,1637.0,,8,0,1,0,2.0
123986,1,0.9999999,22,0,0.221462388,1900.0,1,0,0,0,0.0
104781,0,0.247244233,36,0,0.519761372,2681.0,4,0,1,0,0.0
19298,0,0.342205691,62,0,0.332956792,3540.0,7,0,1,0,2.0
47470,0,0.9999999,39,0,0.214915644,5215.0,6,0,0,0,0.0
146582,1,0.884873589,25,0,0.320441989,3800.0,7,0,0,0,1.0
37508,0,0.169367943,50,0,0.536480142,7880.0,9,0,2,1,0.0
117585,0,0.623488774,56,0,1335.0,,3,0,1,0,0.0
71112,0,0.0,56,0,1185.0,,6,0,2,0,0.0
118228,0,0.568655517,53,2,0.560654248,2200.0,7,0,0,0,0.0
26686,0,0.163499592,46,0,1526.0,,3,0,1,0,0.0
117673,0,0.009107412,68,0,0.02372035,800.0,10,0,0,0,0.0
51372,0,0.9999999,22,0,151.0,,1,0,0,0,0.0
119353,0,0.488398671,50,0,0.448641391,28300.0,16,0,5,0,2.0
52127,0,0.353861163,67,1,0.307199007,4833.0,9,0,0,0,0.0
74881,0,0.022223271,38,0,0.287032764,4333.0,8,0,1,0,0.0
88662,0,0.117897596,33,0,0.336838476,5800.0,4,0,1,0,1.0
142574,0,0.011016483,65,0,0.103390035,8288.0,6,0,1,0,0.0
137083,0,0.230073119,58,2,0.901610413,4532.0,18,0,1,0,0.0
111309,0,0.043165639,69,0,0.180427603,5752.0,6,0,1,0,1.0
145931,0,1.973421927,51,0,0.015210778,2300.0,1,1,0,1,0.0
100439,0,0.0,49,0,0.174204201,10900.0,9,0,1,0,2.0
115854,0,0.05196243,76,0,2362.0,,8,0,2,0,0.0
139764,0,0.008374791,60,0,0.032217748,7200.0,7,0,0,0,0.0
2942,0,0.0,64,0,0.0,7383.0,9,0,0,0,0.0
102483,0,0.022891015,55,0,43.0,,3,0,0,0,0.0
28324,0,0.032132262,53,0,0.400252753,5538.0,4,0,1,0,0.0
70398,1,1.532311792,65,1,482.0,,1,5,0,0,0.0
28087,1,0.0,73,1,0.671875,1727.0,3,0,1,1,0.0
145009,0,0.149396265,31,0,0.598100475,4000.0,5,0,2,0,0.0
48104,0,0.0,32,1,1974.0,,4,0,1,0,0.0
65358,0,0.0,73,0,0.15514081,6000.0,4,0,1,0,0.0
147692,0,0.0,57,0,2043.0,,6,0,2,0,
71235,0,0.0,35,0,0.257005604,1248.0,6,0,0,0,0.0
110344,0,0.08828067,41,0,1919.0,,7,0,1,0,0.0
139717,0,0.050099999,77,0,104.0,,8,0,0,0,0.0
129737,0,0.12972578,39,1,0.017012386,6700.0,13,0,0,0,0.0
113575,1,0.876123876,41,1,220.0,,4,3,0,0,0.0
149033,0,0.043341787,47,0,0.302961705,5300.0,11,0,1,0,3.0
60133,0,0.269254221,74,1,1.996832937,1262.0,16,0,1,0,0.0
49170,0,0.379713584,28,0,0.484131923,1606.0,10,0,0,0,0.0
11960,0,0.625861348,65,0,0.75671172,5400.0,19,0,1,0,0.0
53512,0,0.040664045,89,0,0.013317337,8334.0,11,0,0,0,0.0
118425,0,0.489351325,41,0,1400.0,,13,0,0,0,3.0
132105,0,0.030314483,67,0,0.001480443,12833.0,4,0,1,0,1.0
104413,0,0.016935211,62,0,2575.0,,16,0,2,0,
133995,0,0.050684397,32,0,2004.0,0.0,19,0,1,0,2.0
15761,0,0.620575787,70,0,5863.0,,9,0,2,0,0.0
79847,0,0.09548389,69,1,0.190940453,6666.0,14,0,1,0,0.0
14786,0,0.005222397,68,0,1724.0,,4,0,1,0,0.0
31632,0,0.024472781,41,0,0.008213552,7791.0,9,0,0,0,1.0
41892,0,0.019692873,43,0,1068.0,,8,0,0,0,0.0
117239,0,0.540241026,55,0,0.242739029,4716.0,5,0,1,0,0.0
24980,0,0.014384062,41,1,0.185830596,7000.0,10,0,2,0,3.0
29170,0,0.706586826,23,0,0.004759638,2100.0,1,0,0,0,0.0
132299,0,0.438212768,40,0,0.647341064,2500.0,11,0,0,0,3.0
62730,0,0.378503206,64,0,0.503967522,5418.0,6,0,1,0,1.0
129443,0,0.097266832,81,0,0.004548094,10333.0,3,0,0,0,0.0
109613,0,0.982952834,46,1,0.441945977,7070.0,8,0,1,1,0.0
136955,0,0.353639488,24,0,0.250460405,2171.0,3,0,0,0,1.0
50966,0,0.078129698,40,0,0.517115633,8500.0,9,0,2,0,2.0
70426,0,0.744255744,22,0,363.0,,4,0,0,0,0.0
9036,0,0.22338195,62,0,0.411219181,4420.0,8,0,1,0,0.0
87612,0,0.0,68,1,0.106524805,7800.0,6,0,1,0,0.0
1539,0,0.955236854,63,0,65.0,,1,0,0,0,2.0
73095,0,5994.0,36,0,0.469271693,5450.0,6,0,1,0,0.0
133999,0,0.102070984,63,0,2.836327345,500.0,10,0,1,0,0.0
19294,0,0.754930354,51,0,0.133011207,14900.0,8,0,2,0,1.0
19162,0,0.225310673,51,0,2639.0,,12,0,1,0,3.0
65326,0,0.301024702,43,0,0.521217507,4500.0,6,0,2,0,0.0
83783,0,0.195260893,51,0,2.331880528,7800.0,10,0,8,0,0.0
75038,0,0.077665036,66,0,0.291598269,6700.0,16,0,1,0,0.0
145968,0,0.710255069,44,0,0.463768116,8900.0,7,0,2,0,4.0
18249,0,0.466660993,61,3,0.272673803,8500.0,11,0,1,0,0.0
26344,0,0.086665473,40,0,3746.0,,8,0,2,0,0.0
37580,1,0.154285288,47,1,0.423365428,17863.0,13,0,2,0,2.0
136242,0,0.184731784,55,0,0.836268606,8800.0,18,0,3,0,2.0
106956,0,0.007805292,35,0,0.004945055,1819.0,5,0,0,0,0.0
141431,0,0.0,91,0,0.219403814,5400.0,9,0,2,0,0.0
41369,0,0.384540356,34,0,0.442654818,3600.0,5,0,2,0,0.0
39869,0,0.050179211,59,0,0.164696764,5160.0,8,0,0,0,0.0
110257,0,0.9999999,29,0,284.0,,2,0,0,0,2.0
132689,0,0.480303602,51,0,1.243752403,2600.0,14,0,1,0,1.0
115745,0,0.631044871,67,1,0.325457374,13500.0,15,0,2,0,1.0
123366,0,0.765375391,33,0,0.593762495,2500.0,14,0,0,0,0.0
45913,1,0.9999999,34,0,0.015546918,1800.0,0,0,0,0,0.0
65349,1,0.922514901,26,1,776.0,,6,0,0,2,0.0
92147,0,0.934956405,50,0,0.249711575,7800.0,9,0,1,0,2.0
46658,0,0.719109591,48,1,0.445259123,6000.0,10,0,1,0,2.0
65023,0,0.004161707,60,0,0.093221585,6800.0,9,0,1,0,1.0
48220,1,0.857349322,36,1,0.776011561,2075.0,9,0,0,0,2.0
9194,0,0.099800399,23,0,9.0,0.0,1,0,0,0,0.0
148146,0,0.143265248,56,0,0.113349046,9333.0,8,0,1,0,0.0
25622,1,1.157728707,46,0,0.341382182,1200.0,4,0,0,1,1.0
86465,0,0.603066156,59,0,108.0,,5,0,0,0,0.0
21005,0,0.007332519,87,0,0.003117693,1282.0,4,0,0,0,0.0
91804,0,0.9999999,22,0,0.0,820.0,3,0,0,0,0.0
121426,1,1.050794921,30,2,0.487225977,6066.0,8,0,2,3,0.0
131570,0,0.541130657,53,0,0.323882721,17564.0,14,0,2,0,0.0
40818,0,0.054368204,46,0,0.227567455,4780.0,6,0,0,0,1.0
108882,0,0.138538899,54,0,0.249488934,11250.0,8,0,1,0,4.0
136342,0,0.9999999,80,0,0.0,3450.0,0,0,0,0,0.0
14681,0,0.835388204,56,0,0.016796641,5000.0,3,0,0,0,1.0
46035,0,0.029049916,78,0,0.003496503,4575.0,4,0,0,0,0.0
125293,1,0.24859227,50,0,1.172327857,10833.0,22,0,2,0,0.0
141759,0,0.682045422,46,0,0.345700955,4500.0,10,0,0,0,0.0
144879,0,0.001130336,59,0,0.0,,2,0,0,0,0.0
11082,0,0.0,64,0,0.119547658,2475.0,2,0,0,0,0.0
97489,1,0.911043458,35,3,0.342370152,7450.0,7,0,1,0,2.0
131484,0,0.4273082,52,0,3136.0,,13,0,3,0,2.0
88559,0,0.058380125,85,0,0.06237505,5001.0,2,0,1,0,0.0
144563,0,0.055502723,59,1,0.146280493,11600.0,5,0,1,0,1.0
48401,0,0.249169435,44,2,1.143966126,4250.0,13,3,1,0,2.0
126257,0,0.01288202,77,0,0.110813909,2616.0,10,0,0,0,0.0
119573,0,0.554119616,63,0,0.900107411,930.0,16,0,0,0,0.0
83320,0,0.571201175,35,0,0.273454388,4625.0,11,0,0,0,3.0
93620,0,0.013159702,79,0,0.103116944,4266.0,12,0,1,0,0.0
104277,0,0.300888517,53,0,0.402913221,8100.0,9,0,1,0,1.0
63454,0,0.0,42,0,1.233941515,4000.0,8,0,4,0,1.0
1875,0,0.007318071,64,0,419.0,,7,0,0,0,0.0
93176,0,0.404290307,40,0,0.784047989,4500.0,15,0,2,0,2.0
28115,0,0.179209674,75,0,0.179666085,4012.0,8,0,0,0,0.0
19115,0,0.117235346,40,0,0.062580764,5416.0,3,0,0,0,0.0
60308,0,0.0,65,0,0.128658089,15000.0,6,0,1,0,0.0
22876,0,1.073211314,29,0,0.216600089,2252.0,4,0,0,1,1.0
100686,0,0.105946111,29,0,0.691525979,6100.0,8,0,3,0,0.0
133633,0,0.016214957,46,0,1.311071268,2230.0,11,0,2,0,3.0
65360,0,0.0,60,0,3.0,,1,0,0,0,0.0
16430,0,0.012849679,80,0,2134.0,,6,0,1,0,0.0
39509,0,0.9999999,58,0,0.30514921,3417.0,1,0,1,0,0.0
141741,0,0.013015496,72,0,0.00595618,4700.0,10,0,0,0,0.0
121112,0,0.303387158,33,0,0.325253749,6600.0,10,0,1,0,4.0
54975,0,0.331903913,62,0,0.330124051,5400.0,7,0,1,0,1.0
83211,0,0.410704651,53,4,0.807444853,2175.0,8,0,1,0,2.0
49019,0,0.362977836,62,0,2724.0,,18,0,1,0,0.0
76878,0,0.080086012,51,0,1259.0,,6,0,0,0,1.0
132373,0,0.0,71,0,1616.0,,4,0,2,0,1.0
131428,0,0.049901628,60,0,0.271045521,4810.0,8,0,1,0,1.0
90007,0,0.044451775,50,0,2184.0,,8,0,1,0,4.0
54244,1,0.0,36,1,0.599189021,3205.0,6,1,1,2,2.0
123502,0,0.259636698,52,0,1852.0,,12,0,1,0,2.0
103533,0,0.40369633,56,1,0.276004218,10430.0,8,0,1,0,0.0
53154,0,0.0,69,0,248.0,,8,0,0,0,0.0
113080,0,0.603634089,58,0,0.522947541,19500.0,22,0,2,0,0.0
44385,0,0.01160135,51,0,0.027099458,50000.0,19,0,1,0,0.0
39363,0,0.046196019,66,0,0.203544248,18000.0,8,0,1,0,0.0
93862,0,0.845519731,30,0,0.107764053,7933.0,4,0,0,0,3.0
114950,1,0.24793033,25,0,0.091533896,3200.0,6,0,0,0,0.0
135360,0,0.9999999,77,0,0.0,,4,0,0,0,0.0
38957,0,0.09662305,50,0,0.308616088,5245.0,7,0,1,0,0.0
21701,0,0.232402687,41,2,0.106578684,5000.0,8,0,0,0,0.0
106707,0,0.0,63,0,0.433008526,3283.0,10,0,1,0,0.0
26451,0,0.032664852,60,0,0.511929107,4400.0,9,0,1,0,0.0
6356,0,0.000656515,67,0,0.001849797,8108.0,8,0,0,0,0.0
48086,1,0.984185453,40,3,0.696919578,4836.0,22,0,1,0,1.0
97457,0,0.048444759,71,0,0.199003138,5416.0,7,0,1,0,0.0
96646,0,0.071123852,49,0,0.217090417,6646.0,6,0,1,0,0.0
26395,0,0.229443152,78,0,0.303107489,5888.0,15,0,2,0,1.0
59512,0,0.031176104,63,0,0.241219848,8000.0,8,0,2,0,0.0
61812,1,1.06942516,46,9,0.346173868,1920.0,11,1,0,1,1.0
14145,1,0.093460415,59,1,0.396800711,4500.0,12,0,1,0,0.0
116223,0,0.045186088,53,0,60.0,,8,0,0,0,1.0
23214,1,0.828524869,40,0,0.123687631,10000.0,5,0,0,0,0.0
117313,1,0.9999999,33,2,0.103498971,3400.0,1,2,0,0,1.0
2175,0,0.058047098,47,0,0.066564358,10425.0,3,0,0,0,3.0
76487,0,0.211509412,69,1,0.57659324,5946.0,30,0,1,0,0.0
118099,0,0.029999761,61,0,1291.0,,14,0,0,0,
136527,0,0.039884575,61,0,52.0,,7,0,0,0,0.0
37411,0,0.653707304,30,2,0.140619793,3000.0,6,0,0,1,0.0
57635,0,0.03887618,59,0,2393.0,,11,0,1,0,0.0
149187,0,0.056928631,23,0,6.0,0.0,2,0,0,0,0.0
76100,0,1.13027604,51,0,0.504859504,15124.0,22,0,2,0,0.0
83494,0,0.220125996,58,0,0.141327623,1400.0,2,0,0,0,0.0
144087,0,0.51736949,51,0,0.320445672,10500.0,9,0,1,0,0.0
136086,0,0.883411741,29,0,0.523553163,5200.0,13,0,1,0,1.0
68639,0,0.0,74,0,0.326739927,1364.0,8,0,0,0,0.0
16090,0,0.386900375,80,0,3248.0,,10,0,1,0,0.0
46642,0,0.716566866,21,0,0.086378738,300.0,2,0,0,0,0.0
90505,0,0.045058592,43,0,3364.0,,10,0,2,0,0.0
96328,0,0.34147361,34,1,0.457345242,3246.0,16,0,1,0,4.0
34472,0,0.001417597,79,0,9.52e-05,10500.0,6,0,0,0,0.0
85837,0,0.9999999,42,0,302.0,,3,0,0,0,2.0
17725,0,0.002485925,80,1,0.323173868,7775.0,21,0,1,0,1.0
27708,0,0.9999999,59,0,0.0,14550.0,3,0,0,0,0.0
74809,0,0.545384281,33,3,2268.0,,14,0,2,0,1.0
114768,0,0.055559028,82,0,25.0,,4,0,0,0,0.0
143037,0,0.574333121,33,0,1.574106473,4000.0,11,0,2,0,0.0
40890,0,0.707996707,39,6,0.446707589,3583.0,7,0,0,0,2.0
111519,0,0.426977527,65,0,0.238258416,4960.0,3,0,1,0,1.0
114470,1,0.875555794,56,0,0.675148362,12300.0,19,0,6,0,0.0
91524,0,0.044086943,51,0,2333.0,,13,0,2,0,0.0
40235,0,0.0,47,0,0.141484045,2600.0,5,0,0,0,0.0
38877,0,0.018170019,45,1,0.838714965,6100.0,11,0,4,0,4.0
19840,0,0.329716994,59,0,0.747126437,2522.0,9,0,1,0,0.0
7129,0,0.331963164,43,0,0.262207846,9583.0,9,0,1,0,0.0
122489,0,0.046827665,67,0,0.126782776,14583.0,18,0,1,0,1.0
53041,1,0.9999999,36,0,0.167708073,4000.0,1,4,0,0,0.0
52627,0,0.11698621,40,0,0.225925485,8400.0,15,0,2,0,2.0
114553,0,0.374853114,41,0,0.434442836,3454.0,5,1,0,0,1.0
81004,0,0.093162735,33,0,0.436013249,3320.0,7,0,1,0,0.0
40157,0,0.781881583,39,2,0.260217552,9468.0,16,0,0,1,1.0
121774,0,0.032989848,42,0,0.024507448,2080.0,6,0,0,0,2.0
66448,0,0.013354385,58,4,0.317623536,3500.0,15,1,1,0,0.0
87784,0,0.0,66,0,655.0,,10,0,1,0,0.0
6874,0,0.205806922,69,0,0.217862481,2675.0,9,0,0,0,0.0
84538,0,0.270354452,56,0,0.433818687,13666.0,10,0,1,0,0.0
42858,0,0.023067923,63,0,1.30989011,1819.0,13,0,2,0,0.0
36963,0,0.589589399,43,0,0.142385831,5758.0,10,0,0,0,0.0
86074,0,0.163033479,69,0,1357.0,,5,0,2,0,0.0
145224,0,0.751624972,47,0,0.500735465,12916.0,16,0,2,0,3.0
126285,0,0.0,42,0,1391.0,,4,0,1,0,0.0
47921,0,0.163341835,61,0,0.408520527,6454.0,17,0,1,0,0.0
95273,1,0.120240237,43,0,0.477932212,4100.0,16,1,1,0,3.0
114488,0,0.008021535,87,0,0.002989943,7357.0,8,0,0,0,0.0
58669,0,0.383002073,54,0,0.07700486,6583.0,7,0,0,0,0.0
133634,0,0.11097002,58,0,0.110396846,11666.0,6,0,2,0,2.0
101492,0,0.165157698,52,0,0.32591623,4583.0,9,0,1,0,0.0
66477,0,0.9999999,35,1,2723.0,,3,0,1,0,0.0
102358,0,0.514511332,32,0,0.106879314,4200.0,4,0,0,0,0.0
76829,0,0.171498799,62,0,0.416013712,4083.0,11,0,2,0,0.0
101289,0,0.954760652,50,1,0.167095116,3500.0,5,0,0,0,5.0
49012,0,0.684222081,60,0,3976.0,,25,0,2,0,2.0
95650,1,0.9999999,31,2,0.021191523,2500.0,1,0,0,0,3.0
62588,0,0.081444165,38,0,0.178266178,13103.0,10,0,1,0,2.0
101837,0,0.721129338,30,0,0.128331439,7916.0,7,0,0,0,0.0
81906,0,0.065092575,76,0,51.0,,1,0,0,0,0.0
60285,0,0.002380606,51,0,0.178527382,30000.0,13,0,1,0,0.0
25453,0,0.063482843,87,0,0.334851936,5706.0,4,0,1,0,1.0
144004,0,0.745025604,45,1,0.448337292,3367.0,13,0,0,1,2.0
62257,0,0.095916663,61,0,0.474004639,10347.0,12,0,3,0,0.0
76453,0,0.9999999,50,1,0.648468708,750.0,2,0,0,0,1.0
80017,0,0.010810946,56,0,0.369530755,6307.0,21,0,2,0,2.0
58298,0,0.205631016,38,0,0.809226594,3684.0,8,0,2,0,2.0
90227,0,0.072245085,65,0,668.0,,5,0,0,0,0.0
139901,0,0.074266374,42,0,0.24606723,6038.0,4,0,1,0,2.0
112923,0,0.846034215,29,0,0.116402116,1889.0,2,0,0,0,0.0
14639,0,0.07682127,38,1,0.57117595,7916.0,7,0,2,0,2.0
66511,0,0.022847329,44,0,0.186009955,11450.0,7,0,1,0,3.0
147073,0,0.325321022,41,0,2470.0,,10,0,2,0,5.0
65062,0,0.039246729,74,0,0.004665112,3000.0,2,0,0,0,0.0
5255,0,0.0,73,0,0.330266973,10000.0,6,0,2,0,1.0
6975,0,0.0,30,0,0.466844385,3000.0,4,0,1,0,0.0
53441,0,0.000405582,69,0,0.249830278,5891.0,16,0,1,0,0.0
35770,0,0.0,85,0,0.0,,4,2,0,0,0.0
1953,0,0.087409383,39,0,0.389115063,4666.0,6,0,2,0,1.0
19671,0,0.135747438,44,0,0.029453015,6416.0,4,0,0,0,0.0
57564,0,1.109578084,28,1,0.331333733,5000.0,5,1,1,1,2.0
82784,0,0.031592685,53,0,0.250907863,11840.0,16,0,3,0,0.0
31957,0,0.095436807,68,0,0.664938912,2700.0,13,0,2,0,0.0
43800,0,0.031214838,58,0,0.355076276,1900.0,6,0,1,0,0.0
77477,0,0.127294588,71,0,0.271513632,15954.0,22,0,3,0,0.0
47749,0,0.010608234,70,0,1.397163121,845.0,5,0,1,0,0.0
67503,0,0.187614852,71,0,4040.0,,6,1,1,0,0.0
80114,0,0.104438451,32,0,0.206391716,5600.0,17,0,0,0,0.0
90990,0,0.092447031,47,1,0.329630041,9000.0,21,0,2,1,0.0
4728,0,0.013669372,51,0,0.185600361,13291.0,9,0,2,0,1.0
106478,0,0.047847608,65,0,0.007360673,3803.0,2,0,0,0,0.0
91936,0,0.0,44,0,0.427228786,3723.0,4,0,1,0,0.0
11751,0,0.160987616,26,0,0.111901557,5200.0,5,0,0,0,2.0
53747,1,0.0,49,3,0.289413307,3050.0,5,0,0,0,1.0
14772,0,0.016120724,71,1,0.477321814,8333.0,15,0,2,0,0.0
76803,0,0.925095449,50,1,2354.0,,12,0,0,1,2.0
37515,0,0.127112958,63,0,0.20626607,10500.0,20,0,1,0,0.0
73050,1,0.937354215,43,1,0.380330579,6049.0,4,0,1,0,3.0
10767,1,0.51795338,52,0,0.268187223,9250.0,11,0,2,1,2.0
66095,0,0.055554012,45,0,0.2639904,9166.0,6,0,2,1,0.0
133709,1,0.9999999,50,1,0.160661955,5800.0,2,0,0,0,0.0
71022,0,0.505074746,45,0,0.520956587,12000.0,8,0,2,0,2.0
138769,0,0.057738408,60,0,1578.0,,7,0,1,0,0.0
35938,0,0.530056942,57,0,0.517664311,7500.0,21,0,1,0,2.0
31048,0,0.333583321,35,0,0.471657577,6050.0,7,0,1,0,1.0
15821,0,0.9999999,63,0,11.0,,2,0,0,0,0.0
102087,0,0.225216942,27,0,0.399941185,6800.0,10,0,1,0,3.0
107690,0,0.9999999,86,0,0.0,,4,0,0,0,0.0
145178,1,0.947815368,30,0,849.0,,4,2,0,1,0.0
63592,0,0.696541602,57,0,3854.0,,13,0,2,0,0.0
64499,0,0.364734419,30,0,0.336993563,2640.0,15,0,1,0,0.0
1109,0,0.087910156,54,0,0.520623969,20000.0,8,0,3,0,2.0
32902,0,0.200307282,66,0,0.279737681,43000.0,28,0,6,0,1.0
42857,0,0.00059996,91,0,0.0,,4,0,0,0,
83130,0,0.9999999,33,0,0.139235987,2800.0,4,0,0,0,0.0
61645,0,0.300149897,65,0,0.732965009,14660.0,23,0,5,0,0.0
70595,0,0.375947314,42,0,0.076656204,6052.0,5,0,0,0,3.0
21745,0,0.210382157,58,0,314.0,,3,0,0,0,2.0
138403,0,0.0,58,0,2010.0,,7,0,2,0,0.0
20327,0,0.137117878,49,0,0.494495506,9900.0,11,0,4,0,2.0
43976,0,0.838216178,52,0,0.267323281,11472.0,8,0,1,0,2.0
41489,0,0.102500998,65,0,2596.0,,19,0,2,0,0.0
62448,0,0.430466758,44,0,0.385176956,6300.0,7,0,1,0,2.0
115332,0,0.0,53,0,0.470652935,10000.0,6,0,2,0,3.0
132631,0,0.07378878,70,0,0.131393411,7800.0,7,0,2,0,0.0
57791,0,0.553383653,30,0,0.322250331,8300.0,9,0,1,0,1.0
147382,0,0.100739045,40,0,0.334666476,7000.0,14,0,1,0,2.0
102201,0,0.281557216,33,0,0.106019579,4800.0,4,0,0,0,0.0
74799,0,0.000130716,52,0,1262.0,,10,0,1,0,0.0
126892,0,0.126979535,62,0,1654.0,,8,0,2,0,0.0
34270,1,0.75756061,40,3,0.524241933,6166.0,8,2,2,2,1.0
141205,0,0.110274189,61,0,0.113348248,14750.0,10,0,1,0,0.0
67462,0,0.902936569,52,0,0.508039357,12500.0,6,0,2,0,3.0
79116,0,0.041660898,67,1,1.24910481,10332.0,11,0,5,0,0.0
95136,0,0.083633085,77,0,0.14557425,5467.0,15,0,0,0,1.0
59366,0,0.008313623,46,0,0.305453249,8416.0,7,0,1,0,1.0
19355,0,0.02552047,71,0,0.377905524,4000.0,10,0,1,0,0.0
123544,0,0.06032663,27,0,0.562860438,2600.0,2,0,1,0,0.0
12890,0,0.054660832,63,0,0.026212283,71950.0,8,0,2,0,0.0
108240,0,0.631541354,61,0,3488.0,,7,0,1,0,0.0
141362,0,0.271865551,78,0,0.313422264,8470.0,9,0,2,0,0.0
120717,0,0.154753525,40,1,0.459654035,10000.0,10,0,3,0,1.0
83951,1,0.637362637,25,1,0.0223398,1700.0,2,0,0,0,0.0
16629,0,0.063159342,42,0,0.11262198,6250.0,4,0,1,0,0.0
47226,0,0.229548153,52,4,0.223173595,7240.0,8,0,2,0,0.0
981,0,0.066113797,63,0,0.621679828,9750.0,24,0,2,0,2.0
136096,0,0.053535609,51,0,0.29055912,12000.0,9,0,2,0,4.0
130270,0,0.039143338,47,0,3396.0,,12,0,1,0,2.0
147974,0,0.032405355,68,0,0.200636163,4086.0,12,0,1,0,0.0
31940,0,0.476082229,44,1,0.439048488,13157.0,12,0,2,0,0.0
4205,0,0.9999999,30,1,0.143010177,5600.0,2,0,0,0,2.0
113892,0,0.010989881,46,0,15.0,,8,0,0,0,0.0
81652,0,0.840879874,44,3,1478.0,,4,1,0,1,0.0
2772,0,0.0,63,0,0.24150905,9833.0,5,0,1,0,1.0
107949,0,0.0,76,0,1117.0,,6,0,1,0,0.0
65518,0,0.568660996,66,1,0.372477731,5500.0,7,0,1,0,0.0
47496,0,0.002190372,55,1,0.948480165,1940.0,8,0,1,0,2.0
44072,0,0.290809705,56,0,0.370648734,15167.0,25,0,1,0,2.0
76838,0,0.016092444,70,0,50.0,,8,0,0,0,
88674,0,0.166799093,51,0,0.14717363,6916.0,9,0,1,0,2.0
73217,0,0.0,44,1,0.355783919,7200.0,7,0,2,1,1.0
65414,0,0.004190277,38,0,2033.0,,11,0,2,0,0.0
51301,0,0.165981705,41,0,0.319400049,12200.0,10,0,3,0,1.0
101362,0,0.058027304,39,0,0.363527295,5000.0,9,0,1,0,0.0
54737,0,0.004128766,75,0,53.0,,4,0,0,0,
84953,0,0.018737182,41,0,1118.0,0.0,13,0,1,0,0.0
61255,0,0.733145708,50,1,0.319493207,6550.0,11,0,1,0,0.0
87713,0,0.001479412,36,0,0.00049975,2000.0,7,0,0,0,4.0
26965,0,0.89415248,50,0,0.108874959,3030.0,3,0,0,0,2.0
55378,0,0.236119488,71,0,0.386377427,6591.0,8,0,1,0,0.0
68075,0,0.118236921,59,0,0.553956032,8960.0,8,0,3,0,1.0
29362,1,0.779468507,41,1,2.147901399,1500.0,12,0,3,0,3.0
49164,0,0.806441611,46,0,1.380585516,1946.0,21,0,2,0,0.0
101358,0,0.483047197,40,0,0.389624426,3700.0,11,0,0,0,2.0
77247,0,0.055562802,41,0,0.259674033,10000.0,8,0,2,0,2.0
9318,1,0.9999999,31,0,0.102179564,5000.0,1,0,0,0,0.0
111215,0,0.033995751,67,0,13.0,,9,0,0,0,0.0
148661,0,0.284273309,57,0,0.217627762,11583.0,3,0,1,0,3.0
72963,0,0.107048342,50,0,0.653052542,9401.0,16,0,1,0,1.0
125920,0,0.303260465,59,0,0.333566643,10000.0,16,0,2,0,1.0
111550,0,0.240964689,65,1,0.230276972,10000.0,9,0,1,0,1.0
83600,0,0.093006849,62,0,0.298106292,1636.0,13,0,0,0,0.0
140900,0,0.020187689,81,0,0.140464884,4000.0,13,0,0,0,0.0
30148,0,0.089590183,48,0,0.004679906,16666.0,5,0,0,0,0.0
20614,0,0.034289216,61,0,0.141802522,16254.0,5,0,1,0,0.0
70338,0,0.122042827,52,0,0.180285005,7648.0,6,0,2,0,0.0
108756,0,0.029731495,65,1,0.26021884,7950.0,8,0,2,0,2.0
115452,0,0.019782911,62,0,0.066296784,10633.0,8,0,1,0,2.0
81414,0,0.641143502,30,0,0.647741475,5600.0,6,0,2,0,0.0
8267,1,0.49366514,34,1,0.419942077,7250.0,10,0,2,0,0.0
90602,0,0.300032816,38,0,899.0,0.0,6,0,1,1,0.0
31334,0,0.704912383,55,0,0.658108108,5919.0,12,0,2,0,0.0
95810,0,0.510094557,30,0,0.653621982,1200.0,7,0,1,0,0.0
11033,0,0.014226321,75,0,0.019175455,1042.0,5,0,0,0,0.0
135475,0,0.329492429,30,0,0.290141972,5000.0,6,0,0,0,1.0
39058,0,0.379160043,37,0,0.340506867,7062.0,5,1,2,0,0.0
139867,0,0.205106585,64,0,1.576263925,4667.0,24,0,1,0,0.0
116553,0,0.035627442,51,0,0.282819117,9917.0,7,0,1,0,2.0
147379,0,0.138126498,46,0,0.176647672,9300.0,9,0,1,0,2.0
10435,0,0.114747131,77,0,137.0,,6,0,0,0,0.0
97794,1,0.739473314,40,0,0.487837388,6001.0,7,0,2,0,2.0
2105,0,0.118811275,57,0,0.117432215,16153.0,8,0,1,0,1.0
53660,0,0.9999999,41,0,0.0,5000.0,0,0,0,0,2.0
50950,0,0.101258822,55,0,0.123281966,2400.0,6,0,0,0,0.0
115566,0,0.048719516,83,0,0.004332611,6000.0,4,0,0,0,1.0
47696,1,0.367848017,63,0,0.147442535,4828.0,5,1,0,0,1.0
34753,0,0.0,32,0,349.0,0.0,5,0,0,0,0.0
69356,0,0.034021123,46,0,0.012724381,4400.0,7,0,0,0,0.0
120206,0,0.273293689,58,0,0.622038687,4600.0,23,0,3,0,0.0
18600,0,0.018876862,80,0,0.01032989,3000.0,7,0,0,0,0.0
128068,0,0.9999999,27,0,0.09255079,3100.0,1,0,0,0,0.0
31998,0,0.122295439,47,0,1843.5,1.0,18,0,1,0,3.0
77519,0,0.538413492,47,0,25.0,,14,0,0,0,
137652,0,0.012927648,73,0,0.00132908,3761.0,2,0,0,0,0.0
136423,0,0.447596053,48,0,1.086550183,2460.0,12,0,1,0,3.0
2610,0,0.709651614,49,1,0.678601166,1200.0,3,0,0,0,0.0
51449,0,0.304881374,50,0,0.119923095,4160.0,3,0,0,0,0.0
47317,0,0.01717531,66,0,0.034224161,7333.0,7,0,0,0,1.0
148269,0,0.008522369,63,0,2307.0,,8,0,2,0,0.0
76794,0,0.012287803,59,0,23.0,,8,0,0,0,0.0
63653,0,0.053829041,58,0,0.034691713,6600.0,9,0,0,0,1.0
131851,0,0.9999999,50,1,0.177332682,2046.0,2,0,0,0,0.0
53962,0,0.9999999,34,1,0.25464191,4900.0,4,1,0,1,4.0
30441,0,0.005432605,71,0,0.002920561,3423.0,7,0,0,0,0.0
94764,0,0.102513808,64,0,0.586863317,5830.0,13,0,3,0,0.0
121435,0,0.999257463,73,0,0.855211513,4585.0,11,0,2,0,1.0
29181,0,0.127467148,47,0,0.484841213,12500.0,13,0,1,0,2.0
58440,0,0.565297647,26,2,1.078431373,764.0,6,0,0,1,0.0
72819,0,0.701808089,37,0,0.616345914,4000.0,7,0,1,0,1.0
38714,0,0.051799137,62,0,0.008544653,10883.0,4,0,0,0,1.0
70737,0,0.046359422,26,0,14.0,,4,0,0,0,
2965,0,0.536747939,62,0,0.761082326,3473.0,12,0,1,0,0.0
50854,0,0.0,65,0,1569.0,,5,0,1,0,
132790,0,0.0,48,0,0.21228319,9166.0,6,0,1,0,3.0
127052,0,0.170475493,40,1,7004.0,,12,0,4,0,2.0
125125,0,0.262862488,30,0,0.228489825,2800.0,6,0,0,0,0.0
86805,1,0.349301868,60,0,0.265962005,7000.0,14,0,0,0,2.0
87250,0,0.676832871,44,0,2731.0,,7,0,1,0,0.0
100332,0,0.013276865,37,0,0.436867068,7800.0,8,0,2,0,1.0
74619,1,0.524318769,45,0,0.610856364,8068.0,12,0,3,0,2.0
24343,0,0.497005988,44,0,4710.0,,5,0,3,0,2.0
65426,0,0.518856861,52,0,0.782584985,5500.0,16,0,1,0,0.0
107349,0,0.640371686,70,0,0.245011135,22900.0,16,0,2,0,1.0
17479,0,0.9999999,38,0,0.027486257,2000.0,0,2,0,0,2.0
46128,0,0.382042618,39,0,825.0,,5,0,0,0,2.0
68613,0,0.124943804,70,1,1004.0,,11,0,0,0,0.0
99976,0,0.34708449,28,0,0.39017341,1037.0,4,0,0,0,0.0
91941,1,0.953003133,44,0,1056.0,,3,0,0,0,0.0
109297,0,0.531049379,42,0,0.150986274,11000.0,4,0,1,0,0.0
19560,0,0.073646318,74,0,1593.0,,10,0,1,0,0.0
25858,0,0.30770086,39,1,1.660974594,2400.0,14,0,2,0,3.0
129516,0,0.477746202,47,2,13.09561753,250.0,14,0,2,0,0.0
93235,0,0.06112046,59,1,0.464032884,4378.0,7,0,1,1,1.0
148346,0,0.010361757,42,0,0.131855467,14750.0,9,0,1,0,2.0
88938,0,0.9999999,38,0,0.355548151,3000.0,3,0,1,0,0.0
119175,0,0.170633564,40,1,0.125570953,12916.0,11,0,1,0,0.0
133572,1,0.987004332,57,3,0.363998861,3510.0,6,0,0,0,1.0
149932,0,0.005859153,66,0,1479.0,,10,0,1,0,0.0
105595,0,0.293069444,44,0,1.322233105,4083.0,10,0,2,1,3.0
47538,0,0.005865885,85,0,606.0,,3,0,1,0,0.0
52295,0,0.547545355,45,0,0.593575877,6101.0,12,0,1,0,5.0
104324,0,0.059884003,83,0,0.008453777,7333.0,4,0,0,0,0.0
40486,0,0.206176405,25,1,102.0,,9,0,0,0,
26160,0,0.148371706,64,0,0.055164143,6670.0,4,0,0,0,0.0
22087,0,0.9999999,41,0,0.091143998,4256.0,2,5,0,0,2.0
130234,0,0.195878007,40,0,0.264455924,6000.0,13,0,1,0,2.0
31301,0,0.119289639,36,0,3633.0,,7,0,1,0,0.0
96336,0,0.405041484,59,0,1256.0,,4,0,1,0,0.0
32776,0,0.318178788,42,0,0.479822288,2700.0,4,0,1,0,2.0
118382,0,0.031799205,63,0,0.279160949,5100.0,4,0,1,0,1.0
85120,0,0.0,87,0,0.094830049,3500.0,4,0,1,0,0.0
45538,0,0.035754551,77,0,2213.0,,17,0,1,1,0.0
119464,0,0.017627416,72,0,0.00559888,5000.0,3,0,0,0,0.0
131330,0,0.026931381,65,0,0.735044929,3894.0,9,0,3,0,1.0
88924,0,0.198403225,44,0,0.391304348,4116.0,9,0,2,0,1.0
90077,0,0.022300271,41,0,0.011197014,3750.0,5,0,0,0,1.0
83547,0,0.008449994,62,0,0.010227273,1759.0,13,0,0,0,0.0
37281,0,0.394468368,71,0,0.179048099,3970.0,5,0,1,0,1.0
130126,0,0.065096745,84,0,0.035982009,2000.0,8,0,0,0,0.0
37136,0,0.296489411,45,0,0.531423429,6666.0,7,0,2,0,3.0
132758,0,0.027389439,55,0,0.2176,10624.0,8,0,1,0,1.0
4680,0,0.282367086,37,0,3154.0,,8,0,1,0,0.0
91971,0,0.9999999,98,0,0.0,,4,0,0,0,0.0
64410,0,0.355522886,57,0,0.256354314,9166.0,10,0,2,0,0.0
142019,0,0.446607119,58,0,0.545434348,4500.0,8,0,1,1,0.0
2048,0,0.9999999,53,1,0.218541709,4950.0,3,3,1,0,2.0
11099,0,0.0,34,0,0.501916347,6000.0,12,0,2,0,0.0
55757,0,0.0,69,0,753.0,,5,0,1,0,0.0
73622,0,0.432386999,64,0,1.0737584,6100.0,14,0,3,0,0.0
132770,0,0.170264718,62,0,1803.0,,10,0,1,0,
3057,0,0.138076605,55,0,0.261372398,3890.0,12,0,0,0,0.0
36665,0,0.036384081,64,0,0.014991671,1800.0,4,0,0,0,0.0
92026,1,0.659597941,61,0,0.744095365,8975.0,18,0,2,1,0.0
27194,0,0.9999999,43,0,0.000555401,3600.0,7,0,0,0,1.0
19793,0,0.777068911,56,1,0.340059995,7333.0,11,0,1,0,0.0
39545,0,0.109088192,71,0,0.374955742,8472.0,12,0,3,0,1.0
97968,0,0.653993022,46,1,1.712633452,3371.0,14,0,2,0,0.0
16254,0,0.197626601,25,0,0.031989337,3000.0,6,0,0,0,1.0
116183,0,0.460497942,34,0,0.182020183,10800.0,10,0,1,0,1.0
43417,0,0.921346308,65,1,0.059227468,6989.0,2,0,0,0,0.0
147146,0,0.024176542,54,0,0.221024259,11500.0,12,0,1,0,4.0
127803,0,0.031258248,57,0,0.397520496,5000.0,15,0,2,0,0.0
14160,0,0.012981241,70,0,0.003620066,5800.0,17,0,0,0,0.0
30687,0,0.788011157,36,0,0.258359873,5023.0,6,0,0,0,2.0
23780,0,0.0,34,0,0.0,4220.0,7,0,0,0,0.0
128534,0,0.007930722,80,0,0.223203906,4300.0,9,0,1,0,1.0
42055,0,0.135227031,51,0,0.22293991,5108.0,9,0,0,0,4.0
73732,0,0.223222551,55,1,0.180174431,4700.0,11,0,0,0,0.0
65204,0,0.412743397,33,0,0.359140859,6005.0,10,0,1,0,0.0
149767,0,0.984793251,33,0,0.784710018,1137.0,3,0,1,0,0.0
92878,0,0.194345196,76,1,0.235065943,11600.0,25,0,1,0,0.0
107327,0,0.649155304,56,0,1.79989596,17300.0,12,0,0,0,2.0
70979,0,0.098271626,46,0,0.167380748,3500.0,6,0,0,0,0.0
58361,0,0.990181253,61,0,5292.0,,11,0,2,0,0.0
39930,0,0.045186097,42,0,0.095278823,5845.0,10,0,0,0,0.0
64416,1,0.246468424,61,5,0.357107149,6000.0,24,0,1,0,0.0
107156,0,0.001230706,70,0,0.003198721,2500.0,10,0,0,0,0.0
32825,0,0.0,53,0,1.028932141,1900.0,8,0,1,0,0.0
96075,1,0.827968923,33,2,3956.0,,11,1,2,2,0.0
107063,0,0.208635324,55,0,0.345681036,6100.0,8,0,2,0,4.0
20356,0,0.063916697,49,0,0.382861714,10000.0,11,0,3,0,2.0
101435,0,0.09914542,59,2,0.30308417,11250.0,9,0,2,0,2.0
38467,0,0.9999999,62,0,1586.0,,3,0,1,0,0.0
82821,1,1.064387123,51,2,0.693641618,2940.0,6,0,1,1,1.0
144201,0,0.0059831,64,0,0.126387361,10000.0,20,0,1,0,0.0
74611,0,0.9999999,60,0,2239.0,,2,0,1,0,0.0
74689,0,0.662063187,44,1,0.384286311,9583.0,11,0,2,0,3.0
43593,0,0.018656841,43,0,1450.0,,11,0,2,1,2.0
126803,0,0.693620259,40,1,0.27398702,5700.0,4,1,1,0,1.0
15465,1,0.9999999,32,1,0.446166621,7225.0,6,0,0,0,1.0
54846,0,0.320021117,55,1,1665.0,,5,0,1,0,0.0
40179,0,0.384348038,63,0,0.149640041,5833.0,5,0,0,0,0.0
114790,0,0.086276092,40,0,0.210357928,5000.0,8,0,0,0,2.0
143721,0,0.00163109,37,0,0.0,1333.0,2,0,0,0,0.0
2784,0,0.032583137,31,0,0.068563593,5833.0,8,0,0,0,0.0
22584,0,0.078258786,55,1,0.234423122,8441.0,16,0,2,0,0.0
36909,0,0.171814586,41,0,0.333396819,10500.0,9,0,2,0,2.0
31496,0,0.069209342,48,0,29.0,,4,0,0,0,0.0
78269,0,0.358715553,52,0,0.273272905,8163.0,5,0,2,0,0.0
83613,0,0.024848758,67,0,14.0,,3,0,0,0,0.0
18903,0,0.535453553,47,0,0.299685016,20000.0,14,0,1,0,1.0
119314,0,0.985734284,52,1,0.471827031,10683.0,7,0,4,0,0.0
136197,0,0.9999999,47,0,0.262403031,11085.0,5,0,2,0,3.0
86471,0,0.032126805,49,0,0.007657945,4700.0,6,0,0,0,1.0
58212,0,0.011495452,57,0,0.003479722,8333.0,6,0,0,0,0.0
67184,0,0.212192942,46,0,0.987493203,1838.0,8,0,1,0,0.0
94604,0,0.0,62,0,0.0,5644.0,1,0,0,0,0.0
102163,0,0.055379665,43,0,0.832333619,3500.0,13,0,2,0,2.0
29456,0,0.073697186,57,0,0.344101529,10400.0,7,0,2,0,0.0
131315,0,0.644369301,57,0,0.992228894,5661.0,11,0,2,0,0.0
121181,0,0.056879398,69,0,0.248937766,4000.0,9,0,1,0,1.0
80105,0,0.0,36,0,0.211589113,3416.0,4,0,1,0,0.0
31562,0,1.043182727,58,2,983.0,,5,2,0,2,3.0
112257,0,0.95802099,23,1,61.0,,2,0,0,0,
79525,0,0.712920546,55,0,0.44347898,12083.0,15,0,1,0,4.0
69598,0,0.184058707,67,0,0.239969624,7900.0,13,0,2,0,1.0
148933,0,0.0,60,0,2761.0,,11,0,1,0,0.0
105373,0,0.04560715,59,0,0.774553571,3583.0,13,0,2,0,0.0
55950,0,0.219992667,72,0,0.432532751,4579.0,7,0,1,0,0.0
76266,0,0.021158206,57,0,0.13758777,11250.0,15,0,1,0,0.0
143121,1,0.950166113,49,0,0.098757952,3300.0,2,0,0,1,3.0
55858,0,0.00118527,62,0,0.23651572,10400.0,7,0,1,0,1.0
23636,0,0.9999999,39,0,0.12664978,7500.0,3,0,0,0,0.0
8851,0,0.052358939,59,0,0.141473082,9082.0,4,0,1,0,0.0
113161,0,0.235503014,63,0,0.05164945,3000.0,5,0,0,0,0.0
136346,0,0.9999999,45,0,0.445353815,15883.0,7,0,1,0,1.0
123865,0,0.016084014,46,0,1200.0,,5,0,1,0,
109522,0,0.170755753,36,0,0.070385476,7600.0,4,0,0,0,0.0
139894,1,0.968080935,54,0,0.620920112,6433.0,4,0,1,0,1.0
44612,0,0.0,59,0,0.133923788,28000.0,11,0,2,0,2.0
97443,0,0.774276625,64,0,0.288611017,2958.0,4,0,0,0,0.0
93916,0,0.018201167,24,0,0.004403901,3178.0,6,0,0,0,0.0
56902,0,0.255138441,67,3,0.294661775,19350.0,11,0,3,0,0.0
113744,0,0.0,50,0,0.378817014,13000.0,6,0,2,0,4.0
103166,0,0.0,69,2,0.300485576,3500.0,12,0,1,0,0.0
141829,0,0.0,33,0,2075.0,,6,0,2,0,0.0
102942,0,0.104689298,54,0,0.036960647,12120.0,24,0,0,1,0.0
129215,0,0.10045877,35,0,0.069554277,5563.0,4,0,0,0,0.0
111000,0,0.658286728,54,0,0.172602108,13000.0,9,0,0,0,1.0
101038,0,0.310518247,60,0,0.360493019,9167.0,23,0,1,0,0.0
41828,0,0.753324668,33,0,0.339441899,2400.0,6,0,1,0,1.0
100205,0,0.563218391,45,0,0.364115615,5500.0,3,0,1,0,3.0
46349,0,0.023798413,41,0,0.14244065,2400.0,3,0,0,0,0.0
68974,1,0.9999999,34,2,0.249401523,4594.0,7,1,1,0,0.0
105695,0,0.440924588,66,0,0.530794661,8166.0,10,0,2,0,0.0
97412,0,0.020326776,25,0,0.102463406,2800.0,6,0,0,0,0.0
90164,0,0.0,24,0,0.633373934,820.0,5,0,0,0,0.0
34044,0,0.905570292,36,0,0.259267195,4666.0,8,1,0,0,0.0
39970,0,0.017724782,73,1,0.247635513,9832.0,14,0,1,0,0.0
112525,0,0.166941329,56,0,0.263096495,18000.0,10,0,3,0,2.0
135329,0,0.0,28,0,0.08788005,2400.0,4,0,0,0,0.0
141163,0,0.048758356,52,0,0.696748351,4243.0,8,0,1,0,2.0
24778,0,0.393116514,44,0,1524.0,,8,0,1,0,
117159,0,0.798650169,43,3,1.100030221,3308.0,7,0,1,0,1.0
146955,0,0.525839735,56,0,0.494633142,6800.0,7,0,2,0,2.0
124524,0,0.433919202,58,0,0.288847627,8616.0,4,0,1,0,2.0
90281,0,0.260852485,33,0,0.36573362,3250.0,15,0,0,0,0.0
134561,0,0.004015094,62,0,0.000723415,4146.0,10,0,0,0,0.0
17189,0,0.0,58,0,1284.0,,5,0,0,0,0.0
30486,0,0.0,81,0,32.0,,8,0,0,0,0.0
113083,0,0.796165298,53,0,0.614919254,20000.0,27,0,4,0,4.0
90,0,0.080564168,60,0,0.487288997,4916.0,15,0,2,0,0.0
126066,0,0.030031289,81,0,0.013493253,2000.0,5,0,0,0,0.0
109073,0,0.017929421,69,0,0.159284072,10000.0,13,0,1,0,0.0
3788,0,0.9999999,37,0,0.282190132,3323.0,5,3,1,3,2.0
132811,0,0.0,44,0,1000.0,,5,0,1,0,2.0
19031,0,0.163257537,45,0,2517.0,,13,0,2,0,0.0
32169,1,0.166069516,43,0,0.624890036,17050.0,18,0,3,0,3.0
101024,0,0.9999999,48,0,0.216534071,2890.0,6,0,0,0,0.0
56717,0,0.021020397,79,0,0.013064133,2525.0,8,0,0,0,0.0
99849,0,0.077772768,46,5,1254.0,,9,0,0,0,0.0
72832,0,0.046772308,41,0,0.531617096,4000.0,7,0,2,0,2.0
141537,0,0.016570903,91,0,28.0,,3,0,0,0,
136421,0,0.427145709,24,0,7.0,0.0,3,0,0,0,0.0
149688,0,0.356816592,67,0,2960.0,,4,0,2,0,0.0
84837,0,0.069411799,66,0,1081.0,0.0,9,0,1,0,0.0
42493,0,0.9999999,62,1,0.355081967,3049.0,2,0,0,0,2.0
135001,0,0.292682927,58,0,0.366480079,3036.0,7,0,1,0,1.0
58798,0,0.412205259,55,3,0.518883415,7916.0,20,0,5,1,0.0
78165,0,0.514842822,30,0,927.0,,18,0,0,0,0.0
67151,0,0.574966988,43,1,1.150631044,6100.0,20,0,2,0,3.0
116480,0,0.0,42,0,0.511785942,9417.0,6,0,2,0,3.0
103500,0,0.9999999,48,0,0.11410382,4083.0,1,0,0,0,0.0
121249,0,0.402148222,64,0,4068.0,,14,0,3,0,0.0
99620,0,0.944657955,24,0,680.0,0.0,4,0,1,0,0.0
50603,0,0.009246513,65,1,0.215291107,6251.0,9,0,1,0,0.0
54398,1,0.309373254,54,1,4369.0,,16,0,2,0,0.0
135597,0,0.054828341,56,0,0.32808399,8381.0,14,0,2,0,0.0
143211,0,0.025615312,59,0,0.413643411,3224.0,9,0,0,0,0.0
124459,0,0.062006448,54,0,0.002836157,13750.0,2,0,0,0,0.0
41166,0,0.001551657,36,0,0.41986456,5758.0,9,0,1,0,0.0
56282,0,0.973901188,67,0,0.150784922,10000.0,8,0,0,0,0.0
143805,0,0.150299383,25,0,0.2290024,2916.0,7,0,0,0,1.0
116450,0,0.012076183,55,0,0.230589803,3000.0,8,0,1,0,0.0
131441,0,0.51918104,35,0,0.458725004,5850.0,7,0,2,0,3.0
33640,0,0.184523482,72,0,0.307290154,3442.0,17,0,0,0,0.0
11077,0,0.043294693,81,0,0.010996335,3000.0,3,0,0,0,0.0
91367,0,0.9999999,56,0,0.538362347,3101.0,5,2,1,0,0.0
71847,0,0.165401778,68,0,0.392121349,4416.0,9,0,1,0,0.0
88650,0,0.0,48,0,2076.0,,8,0,1,0,0.0
54488,0,0.402024265,54,0,0.706083976,3500.0,11,0,1,0,2.0
121194,0,0.029537304,60,0,0.664558914,6483.0,17,0,2,0,1.0
137576,0,0.010761033,36,0,0.187635394,6000.0,15,0,1,0,0.0
122121,0,0.306518401,46,2,0.279025997,8500.0,9,0,1,0,0.0
63440,0,0.9999999,70,0,0.193097998,7591.0,5,0,0,0,0.0
107001,0,0.685529647,56,0,0.804170122,8440.0,15,0,3,0,0.0
147901,0,0.024950966,36,0,0.390630468,20000.0,13,0,3,0,1.0
70304,0,0.188844858,61,3,0.624159707,4908.0,11,0,3,0,0.0
76101,0,0.114629568,51,0,195.0,,5,0,0,0,4.0
59785,1,0.052094791,68,0,0.002678093,5600.0,5,0,0,0,0.0
144121,0,0.761238761,25,0,0.047569804,2900.0,3,0,0,0,0.0
34752,0,0.003294251,56,0,0.233721132,5758.0,9,0,1,0,1.0
42616,0,0.021155757,40,0,0.272104181,5835.0,5,0,2,0,0.0
106061,1,0.9999999,42,98,0.0,3200.0,0,98,0,98,1.0
103609,0,0.3246837,53,1,0.266967457,10416.0,14,0,1,0,0.0
80714,0,0.9999999,44,1,0.455450127,4320.0,4,1,1,0,0.0
77561,0,0.9999999,39,0,0.0,1500.0,0,0,0,0,5.0
102345,0,0.707191235,58,0,2900.0,,11,0,3,0,2.0
74158,1,0.454534629,44,0,1.075231192,4000.0,8,0,1,0,4.0
139677,0,0.0,70,0,0.432240437,1829.0,10,0,2,0,0.0
99257,0,0.399520096,50,0,0.817891374,1877.0,12,0,1,0,0.0
72358,0,0.249111859,79,0,0.320100726,6750.0,13,0,1,0,0.0
136686,0,0.004524365,41,1,0.001066382,3750.0,4,0,0,0,3.0
80673,0,0.050394961,53,0,0.42284264,5909.0,4,0,2,0,3.0
199,0,0.114869499,35,0,103.0,,6,0,0,0,0.0
61345,0,0.165700742,61,1,0.397802028,12920.0,24,0,3,0,0.0
50090,0,0.028999597,65,0,1934.0,,12,0,1,0,0.0
41537,0,0.06910538,45,0,0.463907219,5000.0,12,0,3,0,2.0
70253,0,0.338632782,69,2,0.293250582,9022.0,23,0,0,0,0.0
131013,0,0.019196807,63,0,0.13290263,2166.0,8,0,0,0,0.0
13862,0,0.464142728,72,0,0.758258036,6750.0,12,0,2,0,1.0
63332,0,0.875708097,51,0,0.476633341,4300.0,4,0,2,0,0.0
64571,0,0.201643195,29,0,2465.0,,22,0,1,0,0.0
9919,0,0.195717732,29,0,0.743221035,2433.0,7,0,1,0,0.0
137357,0,0.265119149,61,0,0.738659794,5819.0,16,0,2,0,1.0
109293,0,0.079630419,56,0,0.175329845,17583.0,10,0,2,0,1.0
42491,0,0.007510337,40,0,0.225539856,3750.0,8,0,1,0,3.0
143081,0,0.755365837,40,0,0.960548075,4232.0,13,0,2,0,2.0
17697,0,0.899154765,52,0,0.304814004,4569.0,6,0,1,0,2.0
117174,0,0.054527571,59,0,0.033325399,4200.0,4,0,0,0,0.0
97759,0,0.065792396,52,0,0.38227983,5631.0,22,0,1,0,2.0
11072,0,0.092963568,51,0,0.00789177,11530.0,4,0,0,0,3.0
37072,0,0.9999999,32,0,0.0,,0,1,0,0,0.0
50501,0,0.031322573,60,0,0.075181546,2340.0,39,0,0,0,0.0
11058,0,0.0,69,0,1872.0,,9,0,1,0,0.0
90638,0,0.0,54,0,0.762059485,4000.0,8,0,4,0,0.0
27082,0,0.122508779,52,0,0.188900925,12000.0,7,0,2,0,2.0
77058,0,0.050189962,63,0,2698.0,0.0,3,0,1,0,1.0
17595,0,0.555331565,46,0,157.0,,8,0,0,0,0.0
92083,0,0.046265896,65,0,0.6555687,5916.0,9,0,1,0,1.0
17704,0,0.9832951,54,3,0.587388348,7500.0,10,0,2,0,0.0
125341,0,0.538678302,42,0,0.413554343,4765.0,13,0,1,0,2.0
106276,0,0.016486355,80,0,0.201840781,23250.0,15,0,1,0,0.0
42948,1,0.9999999,23,0,0.089385475,1789.0,0,1,0,0,0.0
98093,0,0.053483228,80,0,0.11021702,4100.0,6,0,1,0,0.0
1092,1,0.9999999,41,0,219.0,,1,2,0,1,
9921,0,0.286846898,41,0,0.707905315,13433.0,7,0,3,0,2.0
94482,0,0.301963091,52,0,0.399239544,7100.0,8,0,1,0,1.0
132796,0,0.611469595,33,0,0.93135436,4850.0,8,0,2,0,0.0
101234,0,0.017999561,71,0,0.130928461,21400.0,6,0,2,0,1.0
45180,0,0.149845318,59,0,0.250125733,5964.0,11,0,1,0,0.0
50984,0,0.416496918,45,0,0.144329897,6595.0,3,0,0,0,1.0
56695,0,0.061210322,54,0,0.142233857,4583.0,7,0,1,0,0.0
143220,0,0.066960899,70,0,34.0,,1,0,0,0,
122895,0,0.9999999,53,0,0.927004465,5150.0,6,0,1,0,0.0
60981,0,0.511972934,38,0,0.413395952,8942.0,16,0,1,0,2.0
103252,0,0.736625514,31,0,0.185165702,1900.0,3,0,0,0,1.0
109857,0,0.011742313,81,0,0.001856878,7000.0,4,0,0,0,0.0
53899,0,0.888634065,47,0,0.392288617,12500.0,14,0,2,0,0.0
103995,1,1.002173441,25,2,0.096737908,8000.0,4,0,0,0,0.0
145682,0,0.027785327,65,1,4216.0,,20,0,1,0,0.0
98333,0,0.456514495,45,0,0.410894875,11766.0,5,0,3,0,2.0
122691,0,0.975195342,57,0,1.363782051,4367.0,8,1,2,0,1.0
139697,0,0.031669031,49,0,1.188663746,3651.0,10,0,3,0,0.0
125523,0,1.430784608,24,0,0.497085762,1200.0,2,4,0,1,1.0
83246,0,0.9999999,53,0,0.331884373,4600.0,1,0,1,0,2.0
121741,0,0.250690052,54,0,0.389905678,16008.0,9,0,2,0,0.0
56704,0,0.9999999,28,1,0.0,2228.0,0,0,0,0,1.0
11702,0,0.048937911,61,0,0.00959808,5000.0,2,0,0,0,0.0
56729,0,0.575052451,70,2,0.27410004,7416.0,10,0,1,0,0.0
74193,1,0.0,54,0,3604.0,,7,0,1,0,0.0
99213,0,0.12244089,36,0,0.4145539,5166.0,11,0,1,0,0.0
46520,0,0.253395615,80,0,0.446865037,7527.0,11,0,4,0,0.0
23418,0,0.874520913,36,0,0.999107939,1120.0,5,0,1,0,2.0
135744,0,0.042449566,52,1,1.220819376,3880.0,14,0,3,1,0.0
53874,0,0.0,40,0,0.329934013,5000.0,9,0,1,0,1.0
23572,0,0.00249975,94,0,0.0,,2,0,0,0,0.0
93735,0,0.015533493,51,0,0.341898721,9300.0,13,0,2,0,1.0
135594,0,0.130987057,42,0,0.214309521,9000.0,11,0,1,0,2.0
142295,1,0.0,57,1,0.279113753,3700.0,8,0,1,0,0.0
60907,0,0.013649318,28,0,0.302424394,4000.0,6,0,2,0,0.0
36712,0,0.9999999,34,0,0.640830318,5250.0,4,0,2,0,2.0
97666,0,0.677118837,39,1,0.074308564,3000.0,8,0,0,1,2.0
9995,0,0.024152168,46,1,0.427232465,9708.0,12,0,2,0,3.0
141760,0,0.085571438,37,0,0.211221977,7716.0,9,0,2,0,3.0
46355,0,0.260655225,55,1,0.234642658,12550.0,20,0,1,0,1.0
32307,0,0.007687632,55,0,0.099505999,4250.0,13,0,0,0,5.0
75228,0,0.010599697,70,0,0.14737124,11202.0,7,0,1,0,0.0
112507,0,0.130231093,36,0,0.578526381,6500.0,8,0,2,0,0.0
10121,0,1.047301799,42,1,0.653272845,1542.0,6,1,0,0,1.0
123870,0,0.952698201,30,0,0.619504396,1250.0,2,0,0,0,0.0
65800,0,0.017554814,62,0,1068.0,,18,0,1,0,0.0
75569,0,0.9999999,32,0,0.0,3200.0,0,0,0,0,0.0
17912,0,0.017031709,80,0,0.207117153,2500.0,4,0,0,0,0.0
142958,0,0.440132941,42,0,0.126258233,8046.0,7,0,0,0,1.0
64329,0,0.006644518,41,0,187.0,,4,2,0,1,0.0
47514,0,0.114859009,31,0,0.578855286,4000.0,7,0,1,0,0.0
141573,0,0.06532042,52,0,0.00973607,17049.0,5,0,0,0,3.0
62108,0,0.737332424,27,0,120.0,1.0,4,0,0,0,0.0
125687,0,0.9999999,55,0,0.0,2600.0,0,0,0,0,1.0
97316,0,0.36109244,62,0,0.18985401,15000.0,8,0,1,0,0.0
9340,0,0.9999999,62,0,1280.0,,6,0,1,0,0.0
114730,0,0.046623057,47,0,2514.0,,8,0,1,0,0.0
25085,0,0.249149365,37,0,0.031930767,3350.0,4,0,0,0,1.0
45718,0,0.012748662,31,0,0.298015222,6700.0,13,0,2,0,0.0
66595,0,0.112053652,61,0,0.146024215,12223.0,7,0,1,0,4.0
104404,0,0.31713555,40,0,0.371750342,9500.0,13,0,2,0,1.0
5067,0,0.003870864,48,0,0.127621483,7819.0,8,0,0,0,1.0
123894,0,0.295608632,72,1,1.167916042,2000.0,21,0,1,0,0.0
86522,0,0.789595895,54,0,0.47961852,6500.0,8,0,1,0,0.0
50406,0,0.746523418,60,0,0.243920413,9498.0,12,0,1,0,0.0
27237,0,0.041349499,50,0,0.476497696,5424.0,9,0,2,0,1.0
107542,1,0.999333777,49,1,0.102389878,8535.0,5,0,1,0,0.0
118839,0,0.0,34,0,0.228580719,6150.0,8,0,1,0,1.0
65723,0,0.795840832,26,0,0.259600614,650.0,2,0,0,0,0.0
82331,1,0.9999999,47,0,13.0,,0,0,0,1,0.0
102660,0,0.021332622,61,0,0.438140465,4000.0,6,0,1,0,0.0
149032,0,0.115663772,53,0,0.542645735,10000.0,10,0,4,0,1.0
40272,0,0.036254696,62,0,0.189807299,14166.0,13,0,1,0,0.0
101858,0,0.159371985,57,0,84.0,,3,0,0,0,0.0
39244,0,0.007129016,78,0,0.003434951,2328.0,4,0,0,0,0.0
114303,0,0.023173553,62,0,1951.0,,12,0,1,0,2.0
17247,0,0.9999999,33,0,305.0,,5,0,0,0,2.0
5981,0,0.415073116,44,0,0.170943019,3000.0,4,0,0,0,2.0
14614,0,0.0,47,0,0.963678774,3000.0,12,0,3,0,0.0
99117,1,1.00419916,29,0,0.225606854,2100.0,9,0,0,0,2.0
15743,0,0.0,77,1,0.596537629,4158.0,3,0,1,0,2.0
27363,0,0.731003012,40,0,0.416867747,8702.0,12,0,1,0,2.0
80080,0,0.064197432,66,0,0.133510306,6403.0,4,0,0,0,1.0
65919,0,0.05161821,41,0,0.411185752,6400.0,7,0,2,0,2.0
104365,0,0.718218914,48,0,0.117654723,7674.0,6,0,0,0,0.0
73836,1,0.9999999,47,0,0.502832389,3000.0,6,0,2,0,1.0
137609,0,0.08563883,36,0,0.021378709,4583.0,7,0,0,0,0.0
121833,0,0.273695285,67,0,0.477576975,5975.0,11,0,4,0,0.0
119283,0,0.007169077,86,0,0.00245605,7735.0,7,0,0,0,0.0
39003,0,0.350125553,67,0,662.0,,6,0,0,0,2.0
119726,0,0.33957044,38,0,0.293080768,3800.0,9,0,1,0,0.0
21621,0,0.914443422,59,0,2428.0,,7,0,1,0,0.0
26218,0,0.062925831,59,1,0.284108788,4448.0,10,0,1,0,1.0
60223,0,0.016096056,66,0,0.18479472,11666.0,9,0,2,0,0.0
69609,0,0.013102508,35,0,0.255591376,9925.0,16,0,2,0,2.0
75361,0,0.071505824,66,0,0.204191778,11116.0,11,0,2,0,1.0
76578,0,0.166834158,58,0,0.319575586,10272.0,15,0,2,0,2.0
27694,0,0.597261749,61,0,0.095484086,6000.0,10,0,0,1,0.0
82201,0,0.104617858,53,0,0.32504486,3900.0,15,0,0,0,2.0
66872,0,0.9999999,22,98,0.0,,0,98,0,98,0.0
146573,0,0.227749592,60,0,0.337518054,9000.0,21,0,0,0,2.0
144144,0,0.126301337,61,0,0.855280313,2300.0,14,0,1,0,0.0
15601,0,0.054302606,44,0,0.482233503,6500.0,13,0,3,0,1.0
44038,0,0.0,84,0,0.183877415,1500.0,7,0,0,0,0.0
13463,0,0.560117541,46,0,0.146713322,4000.0,7,0,0,0,0.0
146110,0,0.318037332,64,0,2.236508994,1500.0,19,0,1,0,0.0
76793,0,0.9999999,29,0,1298.0,,2,0,1,0,0.0
8953,0,0.333040658,45,0,0.507338358,10083.0,12,0,4,0,4.0
12039,0,0.00819821,54,0,0.123113208,8479.0,7,0,1,0,0.0
106543,0,0.146894191,32,0,0.398255129,4240.0,11,0,1,0,0.0
95160,0,0.010512551,67,0,0.229689188,8332.0,8,0,1,0,1.0
14248,0,0.837194785,53,2,0.458878994,3817.0,8,0,0,0,1.0
122524,0,0.175948775,63,0,0.225195633,10350.0,10,0,0,0,1.0
48764,0,0.0,36,0,0.069379238,1916.0,3,0,0,0,0.0
40358,0,0.0,24,1,0.114494519,820.0,3,0,0,1,0.0
52561,0,0.9999999,27,0,201.0,,0,1,0,0,
123969,0,0.174926106,60,0,0.473364262,6250.0,16,0,2,0,0.0
129787,0,0.806306681,32,0,0.131635325,4200.0,4,0,0,0,0.0
108683,0,0.771231775,62,1,0.647740904,2500.0,6,0,0,0,1.0
5132,0,0.917344354,30,1,0.235546039,1400.0,6,0,0,0,0.0
142907,0,0.0,85,0,0.0,,4,0,0,0,0.0
392,0,0.9999999,60,0,0.0,4200.0,0,0,0,0,0.0
38421,0,0.006666296,34,0,221.0,,8,0,0,0,0.0
71380,0,0.134714611,50,0,0.617953321,8354.0,8,0,4,0,2.0
35326,0,0.202052437,70,0,0.956668923,2953.0,12,0,1,0,1.0
55823,0,0.08639977,40,0,0.013741049,5166.0,2,0,0,0,0.0
82701,0,0.187742616,50,2,0.583714768,4150.0,11,0,1,0,1.0
94341,0,0.006437004,63,0,0.298396772,9168.0,15,0,1,0,0.0
147267,0,0.326391283,39,0,749.0,1.0,6,0,1,0,2.0
119971,0,0.050780023,41,0,0.359870898,1858.0,6,0,0,0,1.0
36817,0,0.0,34,0,0.187077385,1330.0,6,0,0,0,2.0
36179,0,0.0,69,0,1904.0,,7,0,1,0,0.0
98671,0,0.018679626,79,0,0.005510726,5080.0,5,0,0,0,0.0
113096,0,0.0,58,0,0.822290361,7500.0,7,0,4,0,0.0
32580,0,0.146754916,75,0,0.21881103,12800.0,7,0,1,0,0.0
123919,0,0.046865104,92,0,0.007998546,5500.0,5,0,0,0,1.0
13880,0,0.915883244,58,1,0.961737565,4442.0,9,0,2,0,0.0
126018,0,0.013345641,75,0,0.002228274,4038.0,2,0,0,0,0.0
115386,0,0.014174214,62,0,335.0,,8,0,0,0,0.0
108951,0,0.0,34,0,0.350481955,8921.0,5,0,2,0,0.0
80377,0,0.0,62,0,1099.0,,14,0,0,0,0.0
22060,0,0.142697488,45,0,0.559491501,7000.0,8,0,1,0,2.0
31770,0,0.017310541,57,0,0.312468753,10000.0,24,0,1,0,0.0
95658,0,0.068447583,57,0,0.25646886,12250.0,13,0,1,1,2.0
107521,0,0.015943095,67,0,0.002358268,10600.0,2,0,0,0,0.0
60913,0,0.740524781,52,0,0.015273535,3600.0,2,0,0,0,0.0
136621,0,0.089071304,58,0,0.262595185,13000.0,12,0,2,0,1.0
46056,0,0.9999999,37,0,0.219102472,4166.0,5,0,0,0,2.0
55839,0,0.872444272,53,0,0.168250833,8100.0,10,0,0,0,4.0
86869,0,0.200989422,48,2,0.324082055,5800.0,9,0,2,0,2.0
126238,0,0.0,79,0,682.0,,2,0,1,0,0.0
124412,0,0.133573751,53,0,0.20829167,13000.0,19,0,1,0,3.0
22724,0,0.04119794,54,0,3.43335224,1762.0,7,0,2,0,0.0
89073,1,0.715519643,43,0,1.180532771,12800.0,21,0,7,0,2.0
21373,0,0.028126287,71,0,0.00733089,3000.0,3,0,0,0,0.0
14987,0,0.173096153,32,0,0.094014681,7083.0,9,0,0,0,0.0
120915,0,0.020798908,59,0,1971.0,,17,0,1,1,0.0
74366,0,0.089156836,54,1,0.314325887,6400.0,10,0,1,0,1.0
142149,0,0.06009442,69,1,1562.0,,8,0,1,0,0.0
27608,1,1.079607415,46,4,0.127104655,3028.0,9,1,0,0,4.0
19965,0,0.0,43,0,0.418654478,7000.0,5,0,2,0,1.0
15183,0,0.001041612,45,0,0.516593363,2500.0,9,0,1,0,3.0
103195,0,0.647424464,49,0,3014.0,,7,0,2,0,4.0
99736,0,0.017462426,42,0,0.159730034,8000.0,11,0,1,0,0.0
32509,0,0.226964484,59,0,0.454226587,2850.0,7,0,2,0,0.0
33841,0,0.0,51,0,0.402155417,5288.0,6,0,2,0,2.0
103227,0,0.289810161,56,0,0.297808977,4700.0,5,0,1,0,0.0
80867,0,0.033957129,57,0,0.179117029,7134.0,13,0,1,0,1.0
91800,0,0.051090947,42,0,1064.0,,12,0,1,0,4.0
64742,0,0.9999999,33,2,0.429633494,7666.0,5,0,2,0,1.0
77957,0,0.148289838,34,0,0.574585635,3800.0,5,0,2,0,3.0
129986,0,0.275060963,57,0,0.22705153,15000.0,15,0,2,0,1.0
14401,0,0.038074529,62,0,0.255685178,18600.0,14,0,2,0,0.0
37465,0,0.00305916,70,0,1481.0,,8,0,1,0,1.0
51402,0,0.787928748,56,1,1.629213483,800.0,12,0,0,0,1.0
43530,0,0.27522463,44,0,0.110907577,12009.0,8,0,0,0,0.0
19846,0,0.325892713,57,1,0.094986431,7000.0,4,0,0,0,1.0
90913,0,0.000232547,69,0,1452.0,,4,0,1,0,0.0
96359,0,0.5142916,57,1,0.588742624,6608.0,11,0,2,0,0.0
119807,0,0.133476692,66,0,0.349222798,3859.0,10,0,1,0,0.0
5833,0,0.897047336,26,0,0.367316342,2000.0,14,0,0,0,0.0
81880,0,0.248772608,57,0,0.274230103,7500.0,7,0,1,0,0.0
70696,0,0.302065803,51,0,1.443541836,1230.0,10,0,1,0,0.0
115205,0,0.377506882,79,0,0.086365454,2500.0,10,0,0,0,0.0
49454,0,0.003184673,34,0,0.000874891,8000.0,9,0,0,0,0.0
4942,0,0.792340898,40,0,0.504346761,8166.0,13,0,0,0,0.0
63358,0,0.020410476,59,1,1068.0,,14,0,1,0,0.0
149473,0,0.9999999,84,0,0.0,,1,0,0,0,0.0
57679,0,0.139628144,79,0,0.210646496,7006.0,7,0,1,0,0.0
131007,0,0.42067006,33,0,1.321824104,1534.0,8,0,0,0,0.0
60200,1,0.060416867,52,4,1403.0,,12,1,1,3,2.0
8524,0,0.804055573,44,2,3866.0,,8,0,2,0,1.0
60889,0,0.26566416,51,0,0.548576535,7832.0,12,0,2,0,0.0
47745,0,0.024323346,55,0,0.314662684,4016.0,7,0,2,0,0.0
7655,1,0.592001702,34,2,0.510686164,5333.0,6,1,1,0,0.0
15071,0,0.657665626,39,1,0.74885906,7449.0,13,0,4,0,2.0
77706,0,0.0,76,0,0.139161113,2550.0,7,0,0,0,0.0
93148,0,0.294533524,42,1,0.354107649,6000.0,12,0,0,0,4.0
88278,0,0.981132075,22,0,26.0,,1,0,0,0,0.0
108642,0,0.016828376,54,0,0.332211471,7130.0,8,0,2,0,1.0
112271,0,1.042660725,47,1,0.937772027,8500.0,12,0,2,1,2.0
76528,0,0.690871459,63,0,3414.0,,10,0,3,0,0.0
98985,0,0.273350471,46,1,0.005655423,4950.0,1,0,0,1,4.0
10040,1,0.011478065,42,0,0.327949546,6500.0,6,0,1,0,0.0
129524,0,0.226386807,23,0,13.0,0.0,2,0,0,0,0.0
134563,0,0.9999999,42,0,0.41076653,3417.0,2,0,1,0,0.0
125041,0,0.095780458,46,0,0.38203012,11752.0,11,0,1,0,1.0
72064,0,0.492795624,36,0,0.304969302,10423.0,10,0,2,0,1.0
129570,0,0.262456534,37,0,0.257076425,9891.0,11,0,2,0,0.0
137676,0,0.002876261,67,0,0.00789921,10000.0,9,0,0,0,1.0
140612,0,0.002109616,63,0,0.404159382,10866.0,14,0,2,0,0.0
40066,0,0.207723266,28,0,0.248460123,12500.0,9,0,1,0,2.0
55197,0,0.013336639,52,0,89.0,,6,0,0,0,0.0
